0,1,lower_bound,upper_bound,score,feature_name
0.0,0.0,0.011711528125392391,0.019887021412615925,0.015799274769004158,E2F1 (nucleus)
0.0,0.0,0.014009574813260409,0.029875354468362626,0.021942464640811517,cycA (nucleus)
0.004706852232611691,0.009413704465223383,0.0003840947882342103,0.005091072013822341,0.0027375834010282757,cycD1 (nucleus)
0.1920689855751445,0.384137971150289,-0.00017028149568610825,0.003089470969658341,0.0014595947369861165,p21 (nucleus)
1.0,1.0,-0.002515653158836893,0.0070460624408696625,0.0022652046410163848,Int_Intg_DNA_nuc
4.654054919228656e-13,9.308109838457312e-13,0.002211354007709692,0.005850519015057054,0.004030936511383373,Skp2 (nucleus)
0.05046061144224856,0.10092122288449712,-2.1079319260609505e-06,0.006203645830075547,0.003100768949074743,Cdt1 (nucleus)
0.00023032633182351603,0.00046065266364703206,0.0014874516756890714,0.010100743032185135,0.005794097353937103,Nuc.area
0.0,0.0,0.020511826920721888,0.03179271469241444,0.02615227080656816,Cdh1 (nucleus)
0.0,0.0,0.007884700428563745,0.016514568724066092,0.012199634576314919,cycE (nucleus)
2.26885177312397e-11,4.53770354624794e-11,0.004943532492005006,0.014148930530134309,0.009546231511069658,PCNA (nucleus)
0.9703833105149517,1.0,-0.0006928342926451675,0.0049361543131956395,0.002121660010275236,pH2AX (nucleus)
6.020735598966098e-08,1.2041471197932196e-07,0.0019001301411064012,0.006937748206857407,0.004418939173981904,cMyc (nucleus)
6.280065356634168e-11,1.2560130713268336e-10,0.0050111178830606635,0.014689622675287261,0.009850370279173962,RB (nucleus)
8.278962251972999e-06,1.6557924503945998e-05,0.0005818426454613935,0.002807886461013187,0.0016948645532372903,cycB1..cell.median.
0.6761088422065338,1.0,-0.0002456370295146632,0.002063964602359584,0.0009091637864224603,cycB1 (cytoplasm)
1.0,1.0,-0.00039195307763643657,0.0019259593420484086,0.000767003132205986,cycB1..PN.median.
1.0,1.0,-0.0015811034863064712,0.0011897312824869746,-0.0001956861019097483,pRB (nucleus)
1.0,1.0,-0.0007470640483053746,0.003892142184098525,0.0015725390678965753,cycB1 (nucleus)
1.0,1.0,-0.002503013357361927,0.0016720370394030474,-0.0004154881589794399,p27 (nucleus)
1.0,1.0,-0.0015065303116501873,0.005504176695077522,0.0019988231917136673,ERK (nucleus)
1.0,0.09381147371350584,-0.0024579070052782597,-5.788722102810333e-06,-0.001231847863690535,pp53 (nucleus)
1.0,1.0,-0.001139418837704441,0.0021581428815655363,0.0005093620219305475,S6 (nucleus)
0.0003099421512315903,0.0006198843024631806,0.00037312117516469755,0.002644907000464386,0.0015090140878145418,cycB1..PM.median.
5.0655071392569084e-05,0.00010131014278513817,0.001094279820525974,0.006199276439589653,0.0036467781300578137,pp21 (nucleus)
1.0,1.0,-0.003449023472978315,0.0039178963452615595,0.00023443643614162236,CDK2 (nucleus)
3.781419621873283e-13,7.562839243746566e-13,0.008176915192949,0.021558475163153235,0.014867695178051117,CDK4 (nucleus)
0.12087360441235107,0.24174720882470213,-0.00010164357945338437,0.0029156294799965485,0.001406992950271582,DNA (nucleus)
1.0,1.0,-0.0016544900593276105,0.0013071100757717994,-0.0001736899917779055,cFos (nucleus)
1.0,1.0,-0.0024703230157829617,0.0013560933246560833,-0.0005571148455634392,Cell.area
1.0,1.0,-0.0002854694416562731,0.0018143371865541398,0.0007644338724489334,Fra1..PM.median.
1.0,9.972795446344662e-05,-0.002522987720807506,-0.00044607132997950697,-0.0014845295253935065,CDK6 (nucleus)
1.0,1.0,-0.002220863077850764,0.003820983141743779,0.0008000600319465077,p16 (nucleus)
1.0,1.0,-0.0012600494439186393,0.0010466543699385873,-0.00010669753699002592,cycD1 (cytoplasm)
1.0,1.0,-0.0011400949205779875,0.004438105198355408,0.0016490051388887103,GSK3b (nucleus)
1.0,1.0,-0.001564748601013112,0.0017332316572782661,8.424152813257693e-05,p38 (nucleus)
1.0,0.00045205162721062564,-0.002882066648667157,-0.0004255347227027982,-0.0016538006856849775,CDK2 (cytoplasm)
1.0,1.0,-0.0011079315119587809,0.0006406423299544364,-0.00023364459100217222,Skp2..PM.median.
1.0,1.0,-0.0012681892908426593,0.0011186190565063664,-7.478511716814649e-05,cycA..cell.median.
1.0,1.0,-0.0009890310656004602,0.0007900544731872522,-9.948829620660405e-05,Skp2..cell.median.
1.0,1.0,-0.00134739739372311,0.0011199066251278273,-0.00011374538429764141,cycA..PN.median.
1.0,1.0,-0.0009016314010815429,0.0010711933052046305,8.478095206154379e-05,cycD1..cell.median.
0.0004823779933851302,0.0009647559867702604,0.001234563395712175,0.009385557273990895,0.005310060334851535,pp65 (nucleus)
0.0008784425689079001,0.0017568851378158001,0.0006029856836692201,0.005110775845122033,0.0028568807643956267,YAP (nucleus)
1.0,1.0,-0.0008453375573986221,0.0012144293510298121,0.00018454589681559497,pSTAT3 (nucleus)
1.0,1.0,-0.0014949245035978517,0.0008237593125330307,-0.00033558259553241045,CDK2..cell.median.
1.0,1.0,-0.0007767982634468052,0.0010455947487252497,0.00013439824263922228,E2F1..cell.median.
1.0,1.0,-0.003098499324161133,0.0006571097450026198,-0.0012206947895792566,Cyto.area
1.0,1.0,-0.0011274495602720184,0.0028311316371495217,0.0008518410384387517,Nuc.shape
1.0,1.0,-0.0014854117512531388,0.0005471173707342193,-0.0004691471902594597,DNA..PM.median.
1.0,1.0,-0.0014036400598930322,0.0012314269148936173,-8.61065724997074e-05,p53 (nucleus)
1.0,1.0,-0.0022149050300685064,0.0010602520578213367,-0.0005773264861235849,pCHK1 (nucleus)
1.0,1.0,-0.0007691137323507372,0.0013024133969551561,0.0002666498323022095,cycE..PM.median.
1.0,1.0,-0.0005308739153198467,0.0015208908291905335,0.0004950084569353434,CDK2..PM.median.
1.0,1.0,-0.0010388477845769942,0.0019244986067656269,0.00044282541109431635,cMyc..PM.median.
1.0,1.0,-0.000786682651282755,0.0010570720816132219,0.00013519471516523348,pAKT..cell.median.
1.0,1.0,-0.0008148782613640814,0.0010291750142037473,0.000107148376419833,Cdt1..PN.median.
1.0,1.0,-0.0007893095197822944,0.0010202363081554906,0.0001154633941865981,Cdh1..PN.median.
1.0,1.0,-0.000475640982457063,0.001322212603994556,0.00042328581076874654,pERK..cell.median.
1.0,1.0,-0.0005955238799697586,0.0020656807230053625,0.000735078421517802,cycA (cytoplasm)
1.0,1.0,-0.0016458721415774273,0.0003654614596255093,-0.000640205340975959,cJun..PM.median.
1.0,1.0,-0.0005328964752617407,0.0013217622705739235,0.00039443289765609134,pp38..PM.median.
1.0,1.0,-0.001532485264871813,0.0005810030010533827,-0.00047574113190921506,pp38 (nucleus)
1.0,1.0,-0.001302369842481848,0.0021648697047354725,0.0004312499311268123,pERK..PM.median.
1.0,0.2015149998201533,-0.002010457194964263,5.487398029457142e-05,-0.0009777916073348458,YAP..PM.median.
1.0,1.0,-0.001232956562474974,0.0007529843916880821,-0.00023998608539344603,pS6..PM.median.
1.0,1.0,-0.0002965805605787674,0.00150532409677841,0.0006043717680998213,E2F1 (cytoplasm)
1.0,1.0,-0.0003185205848481855,0.001757254902652132,0.0007193671589019733,p53..PM.median.
1.0,1.0,-0.0011690687374721195,0.0008542977356738698,-0.00015738550089912492,p38..PM.median.
1.0,1.0,-0.0013086089233731654,0.0008354868350682236,-0.00023656104415247084,cycD1..PN.median.
1.0,1.0,-0.0011289911162601098,0.0013352677154622131,0.00010313829960105173,PCNA (cytoplasm)
1.0,1.0,-0.0011927655492701113,0.0005565621687855595,-0.000318101690242276,p14ARF (cytoplasm)
1.0,1.0,-0.0009876368957474784,0.0008883664595115302,-4.963521811797409e-05,E2F1..PN.median.
1.0,1.0,-0.001866257475204308,0.0020314450674379643,8.259379611682814e-05,pERK (nucleus)
1.0,0.039214952343675336,-0.001724316745722634,-5.6154929185984115e-05,-0.0008902358374543091,cJun..cell.median.
1.0,1.0,-0.001346886752926732,0.0005892495181938775,-0.00037881861736642724,p16..PN.median.
1.0,1.0,-0.0010737841512440034,0.0024234243358314824,0.0006748200922937395,Fra1 (nucleus)
1.0,1.0,-0.001141961889944644,0.0008486266000094474,-0.00014666764496759827,Skp2 (cytoplasm)
1.0,0.00010605489947534963,-0.0022260995107082127,-0.0003910928131247163,-0.0013085961619164646,Cdh1 (cytoplasm)
1.0,0.03211888723008505,-0.002524613833693597,-9.849696229481653e-05,-0.0013115553979942067,CDK2..PN.median.
1.0,1.0,-0.0010640629563052715,0.001067726658496523,1.8318510956258e-06,CDK6 (cytoplasm)
1.0,1.0,-0.0007226282403387285,0.0017189574176137605,0.000498164588637516,bCat (nucleus)
1.0,0.6520248320549631,-0.0017710212700532328,0.00014209811016702742,-0.0008144615799431027,bCat..PM.median.
1.0,1.0,-0.001001529324396287,0.0010631365448489705,3.080361022634171e-05,Cdt1 (cytoplasm)
0.5997706609726949,1.0,-0.00026408139774254246,0.0023522094572450553,0.0010440640297512565,cJun (nucleus)
1.0,1.0,-0.0015265358124180802,0.0009017265884740124,-0.0003124046119720339,Cdh1..cell.median.
1.0,1.0,-0.0009898070600099624,0.001240736928180432,0.00012546493408523471,pAKT (nucleus)
1.0,1.0,-0.001395919345815846,0.0009693140232189085,-0.00021330266129846877,PCNA..PN.median.
1.0,1.0,-0.0014956017867772437,0.00037080631148113743,-0.0005623977376480532,E2F1..PM.median.
1.0,1.0,-0.00022946823537923718,0.0015303722382373596,0.0006504520014290612,pS6..cell.median.
1.0,0.013462324128898473,-0.0020028322791572663,-0.0001308951673758674,-0.0010668637232665668,cMyc..cell.median.
1.0,1.0,-0.0007244859247307105,0.0016427646742723798,0.0004591393747708346,cMyc (cytoplasm)
1.0,1.0,-0.0010601252385759768,0.000766764589015322,-0.00014668032478032739,p14ARF..cell.median.
1.0,1.0,-0.001564818200248673,0.00020394447717138667,-0.0006804368615386431,pS6 (cytoplasm)
1.0,1.0,-0.001245699591459293,0.0005793803902755322,-0.0003331596005918805,ERK..cell.median.
1.0,1.0,-0.0015377753333656783,0.0008805141219062193,-0.00032863060572972945,CDK4..PM.median.
1.0,1.0,-0.0010318871127145493,0.0010889283580454991,2.8520622665475016e-05,Skp2..PN.median.
1.0,1.0,-0.0005296907602224868,0.001120845258735756,0.00029557724925663453,p16..cell.median.
1.0,1.0,-0.001337657422144024,0.0005946349332822224,-0.0003715112444309008,pp27..PM.median.
1.0,1.0,-0.0008540511088161202,0.001402233269722963,0.00027409108045342145,ERK..PM.median.
1.0,1.0,-0.0009590418000658271,0.0008064904617119733,-7.627566917692691e-05,bCat..cell.median.
1.0,1.0,-0.0006463795155292285,0.0012430250121014089,0.00029832274828609027,pERK..PN.median.
1.0,1.0,-0.0013773338470246567,0.0008956113260072564,-0.0002408612605087002,GSK3b..PM.median.
1.0,1.0,-0.0012740976454563,0.0005603356945351025,-0.00035688097546059875,GSK3b..PN.median.
1.0,1.0,-0.00032871979025659746,0.0015439870937442575,0.00060763365174383,p53..PN.median.
1.0,1.0,-0.0014846823309825048,0.001054600173241752,-0.00021504107887037634,p14ARF (nucleus)
1.0,1.0,-0.0011008991253480805,0.0005639542941139537,-0.00026847241561706346,pp53..PN.median.
1.0,0.6386245062516869,-0.0018781795414521073,0.0001487619572409861,-0.0008647087921055606,S6..cell.median.
1.0,0.807918519591218,-0.0016311658022286812,0.00014858615749393893,-0.0007412898223673712,pAKT..PN.median.
1.0,1.0,-0.0013622947659467526,0.00028610196070003556,-0.0005380964026233585,p38 (cytoplasm)
1.0,1.0,-0.0016005267946629866,0.0009880696524582015,-0.0003062285711023926,CDK4..cell.median.
1.0,1.0,-0.00147520485257911,0.000332914880942833,-0.0005711449858181385,PCNA..cell.median.
1.0,1.0,-0.0010410482003628046,0.0007032965074811415,-0.00016887584644083151,pS6..PN.median.
1.0,1.0,-0.0010122309590439341,0.0010136432675306587,7.061542433622735e-07,RB..cell.median.
1.0,1.0,-0.0015241377456849407,0.0004647391284459386,-0.0005296993086195011,p14ARF..PN.median.
1.0,1.0,-0.0007367406270823347,0.0010718564316640352,0.0001675579022908503,pRB (cytoplasm)
1.0,1.0,-0.0008065814938399618,0.0010429473796202172,0.00011818294289012774,p16 (cytoplasm)
1.0,1.0,-0.0013525401181600954,0.0005361528579458596,-0.00040819363010711796,Cdt1..cell.median.
1.0,1.0,-0.0013897425228798638,0.0006099997032068366,-0.00038987140983651354,GSK3b..cell.median.
1.0,1.0,-0.0015983542301944511,0.0002763518986508874,-0.0006610011657717819,p38..cell.median.
1.0,1.0,-0.0015871640694344138,0.0007450917934188513,-0.00042103613800778127,Cdt1..PM.median.
0.23335595534324383,0.46671191068648765,-0.00013046872538191763,0.002035426407787723,0.0009524788412029028,cycA..PM.median.
1.0,1.0,-0.0008204569109115266,0.0009349476389039352,5.724536399620427e-05,Fra1..cell.median.
1.0,1.0,-0.0010754559458894433,0.0007318015174075177,-0.0001718272142409628,DNA..PN.median.
1.0,1.0,-0.0012227433697585203,0.001560933899061772,0.00016909526465162588,cMyc..PN.median.
1.0,1.0,-0.0017301353801972932,0.0003243360211504738,-0.0007028996795234098,RB (cytoplasm)
1.0,1.0,-0.0009070321416401652,0.0009448701330363723,1.8918995698103538e-05,pH2AX..PM.median.
1.0,1.0,-0.0012478111392639603,0.0004798400041295082,-0.00038398556756722606,cFos (cytoplasm)
1.0,0.12899231433643354,-0.0017662070368278738,1.6952596145417085e-05,-0.0008746272203412283,DNA..cell.median.
1.0,1.0,-0.001416211140692043,0.0011270116413692902,-0.00014459974966137635,pAKT..PM.median.
1.0,0.7817245816531404,-0.0017361130713218517,0.00015520051820032508,-0.0007904562765607634,pH2AX..PN.median.
0.00019168664975244276,0.0003833732995048855,0.0003505452641040961,0.0023213284015464962,0.0013359368328252962,pp27 (nucleus)
1.0,1.0,-0.0012400178711829061,0.0005434633640221292,-0.00034827725358038854,pRB..cell.median.
1.0,1.0,-0.0005203153602395191,0.0013055158518603606,0.0003926002458104207,pSTAT3..PN.median.
1.0,1.0,-0.0010199542386035484,0.0007037374701637664,-0.00015810838421989097,pERK (cytoplasm)
1.0,0.004916923127741946,-0.002328610633209962,-0.00021605817756164083,-0.0012723344053858015,pp21..PN.median.
1.0,1.0,-0.0013816468406680222,0.0004921260431827266,-0.00044476039874264783,pSTAT3 (cytoplasm)
1.0,1.0,-0.0013716863703662997,0.0010344889320873002,-0.00016859871913949982,p21..PN.median.
1.0,1.0,-0.0011939422025631838,0.0008938696424681612,-0.00015003628004751132,CDK6..cell.median.
1.0,1.0,-0.0014424013090586355,0.0005803067745401458,-0.0004310472672592448,p16..PM.median.
1.0,1.0,-0.0010593622483156047,0.0008475931321082444,-0.00010588455810368015,bCat (cytoplasm)
1.0,1.0,-0.0013486963205395983,0.0008983780516435549,-0.00022515913444802168,pp65..PN.median.
1.0,1.0,-0.0006732903021484759,0.0014367487370035921,0.00038172921742755803,pSTAT3..PM.median.
1.0,1.0,-0.0008961698858702269,0.0009469739973958347,2.5402055762803922e-05,YAP..cell.median.
1.0,1.0,-0.0009195631589724389,0.0008292906265377127,-4.513626621736318e-05,p27 (cytoplasm)
1.0,1.0,-0.0008045638244814158,0.0009499721264399517,7.270415097926797e-05,pp21..cell.median.
1.0,1.0,-0.0013393912554966192,0.0007951838054600237,-0.0002721037250182978,CDK6..PN.median.
0.0005945088720331615,0.001189017744066323,0.00031442347005946475,0.0024777577197219423,0.0013960905948907035,RB..PN.median.
1.0,0.0001423606477892747,-0.002263867800008577,-0.0003854454428183218,-0.0013246566214134494,YAP (cytoplasm)
1.0,1.0,-0.00043792590113493217,0.0012742594612489048,0.00041816678005698627,pp38 (cytoplasm)
1.0,1.0,-0.0015061147520386141,0.00029515745264654817,-0.000605478649696033,pH2AX (cytoplasm)
1.0,0.4118298406376808,-0.001671267529717409,9.74256452535838e-05,-0.0007869209422319126,pRSK (cytoplasm)
0.5024390274004058,1.0,-0.0004585119187919427,0.004469532518106537,0.002005510299657297,pS6 (nucleus)
1.0,1.0,-0.0012300536964110092,0.0006316447137785378,-0.00029920449131623576,YAP..PN.median.
1.0,1.0,-0.0015738059602586666,0.00032153584420434105,-0.0006261350580271627,pSTAT3..cell.median.
1.0,1.0,-0.0011671424868449954,0.0007917385645450243,-0.0001877019611499856,cFos..PN.median.
1.0,1.0,-0.0012373653189410763,0.0005928263321166034,-0.0003222694934122365,p53 (cytoplasm)
1.0,1.0,-0.0009193613663805753,0.0008164903587785927,-5.143550380099136e-05,pp65..PM.median.
1.0,0.41919144764958594,-0.00261236036439363,0.00015441443955365808,-0.001228972962419986,Fra1 (cytoplasm)
1.0,1.0,-0.000749105664288512,0.0012044110181524414,0.00022765267693196467,p27..cell.median.
1.0,1.0,-0.0014021111387439722,0.0008435237734917144,-0.0002792936826261289,pp65 (cytoplasm)
0.12319457272371692,0.24638914544743384,-5.967971032214245e-05,0.0016733595162209116,0.0008068399029493846,cycE..PN.median.
1.0,1.0,-0.0008583685882973907,0.0010081040562608709,7.486773398174009e-05,pRSK..PM.median.
1.0,1.0,-0.0015218608697056936,0.00029667142344919604,-0.0006125947231282488,ERK (cytoplasm)
1.0,1.0,-0.001251303319239544,0.000634663838705975,-0.0003083197402667845,p53..cell.median.
1.0,1.0,-0.0016764372951049355,0.00027562613680011253,-0.0007004055791524114,S6 (cytoplasm)
1.0,0.0026265605300093142,-0.0020094759347923925,-0.00021791486708463504,-0.0011136954009385138,cFos..PM.median.
1.0,1.0,-0.0011096056774957948,0.0007954252045544306,-0.00015709023647068207,pRB..PN.median.
1.0,1.0,-0.001416368543337847,0.00292023650339439,0.0007519339800282716,PCNA..PM.median.
1.0,1.0,-0.0010226110948116673,0.0007467081283205684,-0.00013795148324554951,S6..PN.median.
1.0,1.0,-0.0009480663109756734,0.0009408319923917003,-3.617159291986484e-06,CDK6..PM.median.
1.0,1.0,-0.0003936115383768487,0.001395988067161786,0.0005011882643924687,cJun (cytoplasm)
1.0,1.0,-0.0006947204754539434,0.0009846956866028625,0.00014498760557445957,cFos..cell.median.
1.0,9.954785010091172e-06,-0.0024727673312356442,-0.0005319807013063272,-0.0015023740162709858,pAKT (cytoplasm)
1.0,0.0020915513551709175,-0.0023422239710196753,-0.0002667624165869425,-0.001304493193803309,CDK4..PN.median.
1.0,1.0,-0.0013412594864303984,0.0005395464514315919,-0.0004008565174994033,DNA (cytoplasm)
1.0,1.0,-0.0011190098891350315,0.0006579842374557488,-0.0002305128258396413,pRSK..PN.median.
0.6187865686567806,1.0,-0.0001865113539260354,0.001635907167102399,0.0007246979065881818,bCat..PN.median.
1.0,1.0,-0.0015874766651685752,0.00021779932716061237,-0.0006848386690039813,GSK3b (cytoplasm)
1.0,1.0,-0.0005740338718695886,0.0011318860172349742,0.00027892607268269285,pp53..cell.median.
1.0,0.7891089824260842,-0.001549877507195893,0.00013930041751781565,-0.0007052885448390387,pCHK1..cell.median.
1.0,1.0,-0.0010680845703196537,0.0007612082715093222,-0.0001534381494051658,p27..PN.median.
1.0,1.0,-0.0008837227103400702,0.0010606819026880044,8.847959617396716e-05,cJun..PN.median.
1.0,1.0,-0.001182240396662427,0.0010750060755850273,-5.3617160538699866e-05,CDK4 (cytoplasm)
1.0,0.015593088102087815,-0.0019352902304312636,-0.00011822883076927342,-0.0010267595306002685,ERK..PN.median.
1.0,1.0,-0.0011805741642609284,0.0007354675932239067,-0.0002225532855185108,pp27..PN.median.
1.0,1.0,-0.0012427464637512454,0.0005664066479664218,-0.00033816990789241173,cycE (cytoplasm)
1.0,1.0,-0.0007317168395209113,0.001473989535637653,0.00037113634805837085,p21..cell.median.
1.0,1.0,-0.0010261809724367993,0.0010204844234913404,-2.848274472729394e-06,cycE..cell.median.
1.0,1.0,-0.0012512519882159389,0.0009059827215096611,-0.00017263463335313888,pp21..PM.median.
1.0,1.0,-0.0014049227542833997,0.0005728837049254695,-0.0004160195246789651,S6..PM.median.
1.0,1.0,-0.0014298834814024724,0.0014257719525028714,-2.055764449800426e-06,Cdh1..PM.median.
1.0,1.0,-0.0015126654714815472,0.00038944131840895255,-0.0005616120765362973,pp53..PM.median.
1.0,0.009895095426030398,-0.002202153988192032,-0.00016309629163602278,-0.0011826251399140275,pp21 (cytoplasm)
1.0,1.0,-0.0014017093631988444,0.0007244537894408173,-0.0003386277868790136,pp27 (cytoplasm)
1.0,1.0,-0.0005972917350848351,0.0013542375599814552,0.00037847291244831,pRSK (nucleus)
1.0,1.0,-0.0009014351074695467,0.0017315353114118965,0.0004150501019711748,p21 (cytoplasm)
0.08988019646087286,0.17976039292174573,-4.01604151811306e-05,0.0017730219085314595,0.0008664307466751645,pCHK1..PN.median.
1.0,1.0,-0.001003919538091582,0.0009472602553713008,-2.832964136014061e-05,p21..PM.median.
1.0,6.229669271995419e-06,-0.0022039336224522416,-0.000489686847573152,-0.0013468102350126967,pCHK1 (cytoplasm)
1.0,1.0,-0.0012969085336602636,0.0009302527519200349,-0.00018332789087011436,RB..PM.median.
1.0,1.0,-0.0012588046908443623,0.0006251710407589931,-0.00031681682504268455,pp65..cell.median.
1.0,1.0,-0.0010284421310704792,0.0007037616125513706,-0.0001623402592595543,pRSK..cell.median.
1.0,0.05428751572024115,-0.0020094730174353512,-4.361472922789788e-05,-0.0010265438733316245,cycD1..PM.median.
1.0,7.4918854422456604e-06,-0.002698272723413148,-0.0005921058757690117,-0.0016451892995910798,p27..PM.median.
1.0,0.032314556183042686,-0.0023380450268671335,-9.076483465262969e-05,-0.0012144049307598816,pRB..PM.median.
1.0,1.0,-0.0015476064310482145,0.0003200616618026621,-0.0006137723846227762,pp53 (cytoplasm)
1.0,1.0,-0.0011296063280106547,0.0008589545307290179,-0.00013532589864081836,p14ARF..PM.median.
1.0,1.0,-0.001191319799641361,0.0009748121501335183,-0.00010825382475392135,pCHK1..PM.median.
1.0,1.0,-0.0016205666080473823,0.0010152981110096086,-0.000302634248518887,Fra1..PN.median.
1.0,1.0,-0.0010387015863467205,0.0007201166020093402,-0.0001592924921686901,p38..PN.median.
1.0,1.0,-0.0015458739403543037,0.0008206472698026475,-0.0003626133352758281,pp27..cell.median.
1.0,1.0,-0.0007232703534698683,0.0010750129693622426,0.0001758713079461871,pp38..cell.median.
1.0,6.071884826042151e-07,-0.002340782424843102,-0.0005949809284919262,-0.0014678816766675142,pp38..PN.median.
1.0,1.0,-0.0010846810057109984,0.0007370239323537087,-0.0001738285366786448,pH2AX..cell.median.
1.0,1.0,-0.0008880264429771185,0.002261041907221587,0.0006865077321222343,AreaShape_FormFactor_cell
1.0,1.0,-0.00028100516695802236,0.0015274004214563142,0.000623197627249146,AKT..phospho.total.cell.
1.0,1.0,-0.0006057397680788012,0.0011928647063274547,0.00029356246912432677,ERK..phospho.total.cell.
1.0,1.0,-0.0016321500161815966,0.0003539818342786563,-0.0006390840909514701,GSK3b..phospho.total.cell.
1.0,1.0,-0.0007485176007759826,0.0012180077199623954,0.00023474505959320634,RB..phospho.total.cell.
1.0,4.955982555099325e-05,-0.002275188855270001,-0.00043032426082622666,-0.001352756558048114,S6..phospho.total.cell.
1.0,1.0,-0.0009733579259461318,0.0010589395974581813,4.2790835756024786e-05,p21..phospho.total.cell.
1.0,1.0,-0.0010379973147815605,0.0006255222494318017,-0.00020623753267487942,p27..phospho.total.cell.
1.0,8.393453021060537e-06,-0.0024020129973183267,-0.0005229869674723177,-0.0014624999823953221,p53..phospho.total.cell.
1.0,0.5792848723769812,-0.00159738968613674,0.00011887700763514521,-0.0007392563392507974,p38..phospho.total.cell.
1.0,1.0,-0.0005442240547178998,0.0010575253590806083,0.0002566506521813543,RSK1..phospho.total.cell.
1.0,1.0,-0.0007272373201736922,0.0010190179297418036,0.00014589030478405571,AKT..phospho.total.cyto.
1.0,1.0,-0.0006689758450930946,0.0010284056987308592,0.00017971492681888226,ERK..phospho.total.cyto.
1.0,0.0012404242198393867,-0.0020853218974605675,-0.0002626414367263053,-0.0011739816670934364,GSK3b..phospho.total.cyto.
1.0,1.0,-0.0010180944514815173,0.0008415678490977305,-8.82633011918934e-05,RB..phospho.total.cyto.
1.0,0.0,-0.003260668639629775,-0.0013857675006522816,-0.002323218070141028,S6..phospho.total.cyto.
1.0,1.0,-0.0011992519820840104,0.0006367970275673862,-0.0002812274772583121,p21..phospho.total.cyto.
1.0,1.0,-0.0012310423090243843,0.0005453288687995656,-0.0003428567201124093,p27..phospho.total.cyto.
1.0,4.814286467258455e-07,-0.0026638521523783577,-0.0006849363467266955,-0.0016743942495525265,p53..phospho.total.cyto.
1.0,2.7901059240775794e-09,-0.0027438332051074126,-0.0008602757162499733,-0.0018020544606786929,p38..phospho.total.cyto.
1.0,1.0,-0.001264008089394344,0.0005144625386386428,-0.00037477277537785057,RSK1..phospho.total.cyto.
1.0,0.05195087970082657,-0.0021061799132346846,-4.88647070803819e-05,-0.0010775223101575331,AKT..phospho.total.nuc.
1.0,1.0,-0.00223570402859871,0.0007797218101197043,-0.000727991109239503,ERK..phospho.total.nuc.
1.0,1.0,-0.001436624881899678,0.000836746363169111,-0.0002999392593652834,GSK3b..phospho.total.nuc.
1.0,1.0,-0.0009936046548304298,0.0012572840421781455,0.00013183969367385777,RB..phospho.total.nuc.
1.0,1.0,-0.001410808119570564,0.003607857246314133,0.0010985245633717846,S6..phospho.total.nuc.
0.0,0.0,0.006707538859397981,0.012315956881737622,0.009511747870567801,p21..phospho.total.nuc.
0.042297450183011565,0.08459490036602313,3.155662201665679e-05,0.005153097377663028,0.0025923269998398427,p27..phospho.total.nuc.
1.0,0.002224115149813244,-0.0022283505972405895,-0.000250543622610538,-0.0012394471099255637,p53..phospho.total.nuc.
1.0,1.0,-0.0017185856279786148,0.001668078095371298,-2.5253766303658265e-05,p38..phospho.total.nuc.
1.0,1.0,-0.001517180316372838,0.0008040165014050549,-0.00035658190748389155,RSK1..phospho.total.nuc.
1.0,0.008060819030178745,-0.0018572939859064375,-0.00014802235286048165,-0.0010026581693834595,AKT..phospho.total.PN.
1.0,1.0,-0.0015319574457799525,0.0002420286177570529,-0.0006449644140114497,ERK..phospho.total.PN.
1.0,1.0,-0.0014906517281409672,0.0004354236066847957,-0.0005276140607280858,GSK3b..phospho.total.PN.
1.0,1.0,-0.001385370434399597,0.0007293423275512956,-0.00032801405342415074,RB..phospho.total.PN.
1.0,1.0,-0.0015694666834459845,0.00024159686841633977,-0.0006639349075148224,S6..phospho.total.PN.
1.0,0.4377326492486744,-0.0016961885436535128,0.00010365319206801274,-0.00079626767579275,p21..phospho.total.PN.
1.0,1.0,-0.0009168814927750933,0.0009065596316912021,-5.1609305419455934e-06,p27..phospho.total.PN.
1.0,1.0,-0.000896277450190838,0.0009934285351285517,4.85755424688569e-05,p53..phospho.total.PN.
1.0,1.0,-0.0009384202906003549,0.000852068775804292,-4.3175757398031465e-05,p38..phospho.total.PN.
0.027497224959143862,0.054994449918287724,3.931020564514824e-05,0.0018487636392853029,0.0009440369224652256,RSK1..phospho.total.PN.
1.0,1.0,-0.0007989743049790147,0.002335811716053792,0.0007684187055373886,cycD1_over_p21
1.0,0.01156800915048306,-0.0028386525225445967,-0.0001978025168259956,-0.0015182275196852961,cyto_over_DNA
1.0,1.0,-0.002815181684496575,0.002394308438030201,-0.0002104366232331869,CDK2_cyto_over_nuc
1.0,1.0,-0.0020261118275387052,0.0008656961329838729,-0.0005802078472774162,STAT3..phospho.total.nuc.
1.0,1.0,-0.0018304236742757805,0.00044840972227064583,-0.0006910069760025674,Local.cell.density
1.0,0.010606791370161961,-0.0023499782995910863,-0.00016948958457509893,-0.0012597339420830926,ratio
