feature,scores,ci
AreaShape_Area & Intensity_IntegratedIntensity_DNA,-0.01370877635140353,0.00033737666346296026
AreaShape_Area & Intensity_MedianIntensity_CDK2,0.0013500657475122623,0.00033737666346296026
AreaShape_Area & Intensity_MedianIntensity_CDK4,0.00029316658437354465,0.00033737666346296026
AreaShape_Area & Intensity_MedianIntensity_CDK6,-0.0008993395904575753,0.00033737666346296026
AreaShape_Area & Intensity_MedianIntensity_Cdh1,0.00022485823049244434,0.00033737666346296026
AreaShape_Area & Intensity_MedianIntensity_Cdt1,0.0003753409509366943,0.00033737666346296026
AreaShape_Area & Intensity_MedianIntensity_E2F1,-0.0011329140073273293,0.00033737666346296026
AreaShape_Area & Intensity_MedianIntensity_ER,-0.00027285419526946846,0.00033737666346296026
AreaShape_Area & Intensity_MedianIntensity_Ki67,0.00030168972594931027,0.00033737666346296026
AreaShape_Area & Intensity_MedianIntensity_PR,0.00010801432180912293,0.00033737666346296026
AreaShape_Area & Intensity_MedianIntensity_RB,-0.00025842303402442697,0.00033737666346296026
AreaShape_Area & Intensity_MedianIntensity_Skp2,0.0001912290150464542,0.00033737666346296026
AreaShape_Area & Intensity_MedianIntensity_cycA,0.0020687289157498,0.00033737666346296026
AreaShape_Area & Intensity_MedianIntensity_cycB1,-0.00020350906500821929,0.00033737666346296026
AreaShape_Area & Intensity_MedianIntensity_cycD1,0.001428763294112979,0.00033737666346296026
AreaShape_Area & Intensity_MedianIntensity_cycE,0.0014469698518913658,0.00033737666346296026
AreaShape_Area & Intensity_MedianIntensity_p21,0.0019707142896092525,0.00033737666346296026
AreaShape_Area & Intensity_MedianIntensity_pRB,0.0008135196257150353,0.00033737666346296026
AreaShape_Area & pRB_over_RB,0.0010096574552211773,0.00033737666346296026
AreaShape_Area & Metadata_well,0.00014803812371895006,0.00033737666346296026
Intensity_IntegratedIntensity_DNA & Intensity_MedianIntensity_CDK2,7.768696724262497e-05,0.0020647705700746312
Intensity_IntegratedIntensity_DNA & Intensity_MedianIntensity_CDK4,-1.0918836386661838e-05,0.0020647705700746312
Intensity_IntegratedIntensity_DNA & Intensity_MedianIntensity_CDK6,-0.0007796431697065795,0.0020647705700746312
Intensity_IntegratedIntensity_DNA & Intensity_MedianIntensity_Cdh1,-0.0009275798582988708,0.0020647705700746312
Intensity_IntegratedIntensity_DNA & Intensity_MedianIntensity_Cdt1,-0.0017214095435460512,0.0020647705700746312
Intensity_IntegratedIntensity_DNA & Intensity_MedianIntensity_E2F1,-0.00047215956681990594,0.0020647705700746312
Intensity_IntegratedIntensity_DNA & Intensity_MedianIntensity_ER,-0.00201460022879976,0.0020647705700746312
Intensity_IntegratedIntensity_DNA & Intensity_MedianIntensity_Ki67,-0.0038090049305858223,0.0020647705700746312
Intensity_IntegratedIntensity_DNA & Intensity_MedianIntensity_PR,-0.0018606583481014431,0.0020647705700746312
Intensity_IntegratedIntensity_DNA & Intensity_MedianIntensity_RB,-0.0002232808108822054,0.0020647705700746312
Intensity_IntegratedIntensity_DNA & Intensity_MedianIntensity_Skp2,0.0020666666638642097,0.0020647705700746312
Intensity_IntegratedIntensity_DNA & Intensity_MedianIntensity_cycA,-0.0008197361723195101,0.0020647705700746312
Intensity_IntegratedIntensity_DNA & Intensity_MedianIntensity_cycB1,-0.002257293577232109,0.0020647705700746312
Intensity_IntegratedIntensity_DNA & Intensity_MedianIntensity_cycD1,-0.001211233101353081,0.0020647705700746312
Intensity_IntegratedIntensity_DNA & Intensity_MedianIntensity_cycE,-0.0010449039684513825,0.0020647705700746312
Intensity_IntegratedIntensity_DNA & Intensity_MedianIntensity_p21,-0.0009564817963851096,0.0020647705700746312
Intensity_IntegratedIntensity_DNA & Intensity_MedianIntensity_pRB,0.0012124848610223042,0.0020647705700746312
Intensity_IntegratedIntensity_DNA & pRB_over_RB,-0.001591350930637749,0.0020647705700746312
Intensity_IntegratedIntensity_DNA & Metadata_well,-0.0010565876585594042,0.0020647705700746312
Intensity_MedianIntensity_CDK2 & Intensity_MedianIntensity_CDK4,-0.0007671283060746696,0.00019174643589278377
Intensity_MedianIntensity_CDK2 & Intensity_MedianIntensity_CDK6,0.0011556370125028219,0.00019174643589278377
Intensity_MedianIntensity_CDK2 & Intensity_MedianIntensity_Cdh1,-0.0016332672144711339,0.00019174643589278377
Intensity_MedianIntensity_CDK2 & Intensity_MedianIntensity_Cdt1,0.00017660932505964054,0.00019174643589278377
Intensity_MedianIntensity_CDK2 & Intensity_MedianIntensity_E2F1,-0.0005404577814489507,0.00019174643589278377
Intensity_MedianIntensity_CDK2 & Intensity_MedianIntensity_ER,-0.0005108025820059107,0.00019174643589278377
Intensity_MedianIntensity_CDK2 & Intensity_MedianIntensity_Ki67,0.00046825292298796677,0.00019174643589278377
Intensity_MedianIntensity_CDK2 & Intensity_MedianIntensity_PR,-0.000984495386636903,0.00019174643589278377
Intensity_MedianIntensity_CDK2 & Intensity_MedianIntensity_RB,0.00019469572212539157,0.00019174643589278377
Intensity_MedianIntensity_CDK2 & Intensity_MedianIntensity_Skp2,0.0008563837487286691,0.00019174643589278377
Intensity_MedianIntensity_CDK2 & Intensity_MedianIntensity_cycA,0.0008092223769328373,0.00019174643589278377
Intensity_MedianIntensity_CDK2 & Intensity_MedianIntensity_cycB1,-0.00010627240475381583,0.00019174643589278377
Intensity_MedianIntensity_CDK2 & Intensity_MedianIntensity_cycD1,-0.000930510494060554,0.00019174643589278377
Intensity_MedianIntensity_CDK2 & Intensity_MedianIntensity_cycE,0.0018769642338894237,0.00019174643589278377
Intensity_MedianIntensity_CDK2 & Intensity_MedianIntensity_p21,0.0014697611439474934,0.00019174643589278377
Intensity_MedianIntensity_CDK2 & Intensity_MedianIntensity_pRB,0.001630280671625472,0.00019174643589278377
Intensity_MedianIntensity_CDK2 & pRB_over_RB,0.0009590162499693881,0.00019174643589278377
Intensity_MedianIntensity_CDK2 & Metadata_well,0.0005679390617286273,0.00019174643589278377
Intensity_MedianIntensity_CDK4 & Intensity_MedianIntensity_CDK6,0.000482883950531827,0.00018011472326765387
Intensity_MedianIntensity_CDK4 & Intensity_MedianIntensity_Cdh1,0.0004114206091888939,0.00018011472326765387
Intensity_MedianIntensity_CDK4 & Intensity_MedianIntensity_Cdt1,0.0005818066990705754,0.00018011472326765387
Intensity_MedianIntensity_CDK4 & Intensity_MedianIntensity_E2F1,0.0010241137794016343,0.00018011472326765387
Intensity_MedianIntensity_CDK4 & Intensity_MedianIntensity_ER,-0.00039751545277140937,0.00018011472326765387
Intensity_MedianIntensity_CDK4 & Intensity_MedianIntensity_Ki67,0.002326445264176373,0.00018011472326765387
Intensity_MedianIntensity_CDK4 & Intensity_MedianIntensity_PR,-0.0005917295823057879,0.00018011472326765387
Intensity_MedianIntensity_CDK4 & Intensity_MedianIntensity_RB,-0.0010982794806435475,0.00018011472326765387
Intensity_MedianIntensity_CDK4 & Intensity_MedianIntensity_Skp2,0.0005832571999602763,0.00018011472326765387
Intensity_MedianIntensity_CDK4 & Intensity_MedianIntensity_cycA,0.0011811016126227428,0.00018011472326765387
Intensity_MedianIntensity_CDK4 & Intensity_MedianIntensity_cycB1,0.0014666306293860641,0.00018011472326765387
Intensity_MedianIntensity_CDK4 & Intensity_MedianIntensity_cycD1,-0.0016518023930152464,0.00018011472326765387
Intensity_MedianIntensity_CDK4 & Intensity_MedianIntensity_cycE,0.00042163759936149494,0.00018011472326765387
Intensity_MedianIntensity_CDK4 & Intensity_MedianIntensity_p21,0.00020808575332136538,0.00018011472326765387
Intensity_MedianIntensity_CDK4 & Intensity_MedianIntensity_pRB,0.000796934134099541,0.00018011472326765387
Intensity_MedianIntensity_CDK4 & pRB_over_RB,0.0010573855893117549,0.00018011472326765387
Intensity_MedianIntensity_CDK4 & Metadata_well,2.2668251737425135e-06,0.00018011472326765387
Intensity_MedianIntensity_CDK6 & Intensity_MedianIntensity_Cdh1,-0.0009372159099627082,0.00018799978370127505
Intensity_MedianIntensity_CDK6 & Intensity_MedianIntensity_Cdt1,-7.421470954669987e-05,0.00018799978370127505
Intensity_MedianIntensity_CDK6 & Intensity_MedianIntensity_E2F1,0.0002073469951068775,0.00018799978370127505
Intensity_MedianIntensity_CDK6 & Intensity_MedianIntensity_ER,-0.000638321852575056,0.00018799978370127505
Intensity_MedianIntensity_CDK6 & Intensity_MedianIntensity_Ki67,0.0011041757202654393,0.00018799978370127505
Intensity_MedianIntensity_CDK6 & Intensity_MedianIntensity_PR,0.001129238161846187,0.00018799978370127505
Intensity_MedianIntensity_CDK6 & Intensity_MedianIntensity_RB,0.00022250196042484217,0.00018799978370127505
Intensity_MedianIntensity_CDK6 & Intensity_MedianIntensity_Skp2,0.0009722904645894553,0.00018799978370127505
Intensity_MedianIntensity_CDK6 & Intensity_MedianIntensity_cycA,0.0007260819412363733,0.00018799978370127505
Intensity_MedianIntensity_CDK6 & Intensity_MedianIntensity_cycB1,0.0010868430436382188,0.00018799978370127505
Intensity_MedianIntensity_CDK6 & Intensity_MedianIntensity_cycD1,0.00013037510489949725,0.00018799978370127505
Intensity_MedianIntensity_CDK6 & Intensity_MedianIntensity_cycE,0.0011229833072432605,0.00018799978370127505
Intensity_MedianIntensity_CDK6 & Intensity_MedianIntensity_p21,-0.0018603488088635954,0.00018799978370127505
Intensity_MedianIntensity_CDK6 & Intensity_MedianIntensity_pRB,0.0010829625384520193,0.00018799978370127505
Intensity_MedianIntensity_CDK6 & pRB_over_RB,0.0015524716317334617,0.00018799978370127505
Intensity_MedianIntensity_CDK6 & Metadata_well,0.0004290481081515754,0.00018799978370127505
Intensity_MedianIntensity_Cdh1 & Intensity_MedianIntensity_Cdt1,0.0006310379982747841,0.0003115611849838291
Intensity_MedianIntensity_Cdh1 & Intensity_MedianIntensity_E2F1,0.0010561408454193687,0.0003115611849838291
Intensity_MedianIntensity_Cdh1 & Intensity_MedianIntensity_ER,-0.0006410716402242081,0.0003115611849838291
Intensity_MedianIntensity_Cdh1 & Intensity_MedianIntensity_Ki67,0.0017159043276405855,0.0003115611849838291
Intensity_MedianIntensity_Cdh1 & Intensity_MedianIntensity_PR,-0.00016756010780964956,0.0003115611849838291
Intensity_MedianIntensity_Cdh1 & Intensity_MedianIntensity_RB,0.00030831272519649946,0.0003115611849838291
Intensity_MedianIntensity_Cdh1 & Intensity_MedianIntensity_Skp2,0.001269436052183297,0.0003115611849838291
Intensity_MedianIntensity_Cdh1 & Intensity_MedianIntensity_cycA,0.0007415451105148029,0.0003115611849838291
Intensity_MedianIntensity_Cdh1 & Intensity_MedianIntensity_cycB1,0.00033417431808961044,0.0003115611849838291
Intensity_MedianIntensity_Cdh1 & Intensity_MedianIntensity_cycD1,-0.0015062649481176501,0.0003115611849838291
Intensity_MedianIntensity_Cdh1 & Intensity_MedianIntensity_cycE,0.001407893794845526,0.0003115611849838291
Intensity_MedianIntensity_Cdh1 & Intensity_MedianIntensity_p21,0.0003352810893069934,0.0003115611849838291
Intensity_MedianIntensity_Cdh1 & Intensity_MedianIntensity_pRB,0.001864414530022268,0.0003115611849838291
Intensity_MedianIntensity_Cdh1 & pRB_over_RB,0.0005628126266826293,0.0003115611849838291
Intensity_MedianIntensity_Cdh1 & Metadata_well,0.0008303896211576758,0.0003115611849838291
Intensity_MedianIntensity_Cdt1 & Intensity_MedianIntensity_E2F1,-0.0019354995790081088,0.0003023137791015109
Intensity_MedianIntensity_Cdt1 & Intensity_MedianIntensity_ER,0.003442124823332339,0.0003023137791015109
Intensity_MedianIntensity_Cdt1 & Intensity_MedianIntensity_Ki67,0.001929080753962339,0.0003023137791015109
Intensity_MedianIntensity_Cdt1 & Intensity_MedianIntensity_PR,0.0011491666950505391,0.0003023137791015109
Intensity_MedianIntensity_Cdt1 & Intensity_MedianIntensity_RB,0.00011437162403653586,0.0003023137791015109
Intensity_MedianIntensity_Cdt1 & Intensity_MedianIntensity_Skp2,0.00041930942647199046,0.0003023137791015109
Intensity_MedianIntensity_Cdt1 & Intensity_MedianIntensity_cycA,0.001455306367489649,0.0003023137791015109
Intensity_MedianIntensity_Cdt1 & Intensity_MedianIntensity_cycB1,-0.00012033379450070175,0.0003023137791015109
Intensity_MedianIntensity_Cdt1 & Intensity_MedianIntensity_cycD1,0.0015741923561820518,0.0003023137791015109
Intensity_MedianIntensity_Cdt1 & Intensity_MedianIntensity_cycE,-0.0006163156561503028,0.0003023137791015109
Intensity_MedianIntensity_Cdt1 & Intensity_MedianIntensity_p21,0.0006624795416358012,0.0003023137791015109
Intensity_MedianIntensity_Cdt1 & Intensity_MedianIntensity_pRB,-0.0033836131967590367,0.0003023137791015109
Intensity_MedianIntensity_Cdt1 & pRB_over_RB,-0.0056853240808926245,0.0003023137791015109
Intensity_MedianIntensity_Cdt1 & Metadata_well,0.0009894554105062577,0.0003023137791015109
Intensity_MedianIntensity_E2F1 & Intensity_MedianIntensity_ER,0.00021150857669612912,0.0003249048763821587
Intensity_MedianIntensity_E2F1 & Intensity_MedianIntensity_Ki67,0.000609025630482029,0.0003249048763821587
Intensity_MedianIntensity_E2F1 & Intensity_MedianIntensity_PR,0.0021644213623518748,0.0003249048763821587
Intensity_MedianIntensity_E2F1 & Intensity_MedianIntensity_RB,-0.0013971164215419777,0.0003249048763821587
Intensity_MedianIntensity_E2F1 & Intensity_MedianIntensity_Skp2,-0.00039712511844577827,0.0003249048763821587
Intensity_MedianIntensity_E2F1 & Intensity_MedianIntensity_cycA,0.0008148073581535516,0.0003249048763821587
Intensity_MedianIntensity_E2F1 & Intensity_MedianIntensity_cycB1,7.278705248304704e-05,0.0003249048763821587
Intensity_MedianIntensity_E2F1 & Intensity_MedianIntensity_cycD1,0.0012675919838117623,0.0003249048763821587
Intensity_MedianIntensity_E2F1 & Intensity_MedianIntensity_cycE,0.0021873797260468794,0.0003249048763821587
Intensity_MedianIntensity_E2F1 & Intensity_MedianIntensity_p21,0.0012403354833439375,0.0003249048763821587
Intensity_MedianIntensity_E2F1 & Intensity_MedianIntensity_pRB,-0.0036352941317154357,0.0003249048763821587
Intensity_MedianIntensity_E2F1 & pRB_over_RB,-0.0035257458224957055,0.0003249048763821587
Intensity_MedianIntensity_E2F1 & Metadata_well,0.0018063639626128148,0.0003249048763821587
Intensity_MedianIntensity_ER & Intensity_MedianIntensity_Ki67,0.0008791062021801784,0.00019224391606521631
Intensity_MedianIntensity_ER & Intensity_MedianIntensity_PR,0.0003775396207142222,0.00019224391606521631
Intensity_MedianIntensity_ER & Intensity_MedianIntensity_RB,9.372912803908622e-05,0.00019224391606521631
Intensity_MedianIntensity_ER & Intensity_MedianIntensity_Skp2,-0.0007659458598480333,0.00019224391606521631
Intensity_MedianIntensity_ER & Intensity_MedianIntensity_cycA,0.0016948719750718108,0.00019224391606521631
Intensity_MedianIntensity_ER & Intensity_MedianIntensity_cycB1,0.002734436682924861,0.00019224391606521631
Intensity_MedianIntensity_ER & Intensity_MedianIntensity_cycD1,0.0005132938802879231,0.00019224391606521631
Intensity_MedianIntensity_ER & Intensity_MedianIntensity_cycE,-0.00020550740280048964,0.00019224391606521631
Intensity_MedianIntensity_ER & Intensity_MedianIntensity_p21,-0.00014637954056259005,0.00019224391606521631
Intensity_MedianIntensity_ER & Intensity_MedianIntensity_pRB,-7.451534630158122e-05,0.00019224391606521631
Intensity_MedianIntensity_ER & pRB_over_RB,0.002661799853464594,0.00019224391606521631
Intensity_MedianIntensity_ER & Metadata_well,-0.0005497086132968709,0.00019224391606521631
Intensity_MedianIntensity_Ki67 & Intensity_MedianIntensity_PR,0.0010565707592122239,0.00032589806545339176
Intensity_MedianIntensity_Ki67 & Intensity_MedianIntensity_RB,-0.002104318718913965,0.00032589806545339176
Intensity_MedianIntensity_Ki67 & Intensity_MedianIntensity_Skp2,-0.0006883649908652063,0.00032589806545339176
Intensity_MedianIntensity_Ki67 & Intensity_MedianIntensity_cycA,-0.0017178753677706638,0.00032589806545339176
Intensity_MedianIntensity_Ki67 & Intensity_MedianIntensity_cycB1,-0.0014562288263923295,0.00032589806545339176
Intensity_MedianIntensity_Ki67 & Intensity_MedianIntensity_cycD1,0.0012890407371982436,0.00032589806545339176
Intensity_MedianIntensity_Ki67 & Intensity_MedianIntensity_cycE,-0.001098924025216247,0.00032589806545339176
Intensity_MedianIntensity_Ki67 & Intensity_MedianIntensity_p21,0.000258348673882352,0.00032589806545339176
Intensity_MedianIntensity_Ki67 & Intensity_MedianIntensity_pRB,-0.0022328133477333197,0.00032589806545339176
Intensity_MedianIntensity_Ki67 & pRB_over_RB,0.0013223954114730905,0.00032589806545339176
Intensity_MedianIntensity_Ki67 & Metadata_well,0.0019433981548902966,0.00032589806545339176
Intensity_MedianIntensity_PR & Intensity_MedianIntensity_RB,-0.0013276644456401139,0.0001624159254930097
Intensity_MedianIntensity_PR & Intensity_MedianIntensity_Skp2,0.00035558081808219696,0.0001624159254930097
Intensity_MedianIntensity_PR & Intensity_MedianIntensity_cycA,-4.0971187945395295e-05,0.0001624159254930097
Intensity_MedianIntensity_PR & Intensity_MedianIntensity_cycB1,0.0009035289642495674,0.0001624159254930097
Intensity_MedianIntensity_PR & Intensity_MedianIntensity_cycD1,0.0020891034725361124,0.0001624159254930097
Intensity_MedianIntensity_PR & Intensity_MedianIntensity_cycE,-0.0009848414314311423,0.0001624159254930097
Intensity_MedianIntensity_PR & Intensity_MedianIntensity_p21,0.0009342786799479598,0.0001624159254930097
Intensity_MedianIntensity_PR & Intensity_MedianIntensity_pRB,0.0007684792233389701,0.0001624159254930097
Intensity_MedianIntensity_PR & pRB_over_RB,0.0013138657807230864,0.0001624159254930097
Intensity_MedianIntensity_PR & Metadata_well,-0.000664577931008829,0.0001624159254930097
Intensity_MedianIntensity_RB & Intensity_MedianIntensity_Skp2,-0.00011293989360217446,0.0003256379214827444
Intensity_MedianIntensity_RB & Intensity_MedianIntensity_cycA,0.0011303838108940253,0.0003256379214827444
Intensity_MedianIntensity_RB & Intensity_MedianIntensity_cycB1,-0.0017976218325358715,0.0003256379214827444
Intensity_MedianIntensity_RB & Intensity_MedianIntensity_cycD1,0.0022096308315606517,0.0003256379214827444
Intensity_MedianIntensity_RB & Intensity_MedianIntensity_cycE,0.0024282556448036643,0.0003256379214827444
Intensity_MedianIntensity_RB & Intensity_MedianIntensity_p21,-0.0004686881257689335,0.0003256379214827444
Intensity_MedianIntensity_RB & Intensity_MedianIntensity_pRB,0.012867555039331822,0.0003256379214827444
Intensity_MedianIntensity_RB & pRB_over_RB,-0.027112192625771858,0.0003256379214827444
Intensity_MedianIntensity_RB & Metadata_well,-0.00043747329706969417,0.0003256379214827444
Intensity_MedianIntensity_Skp2 & Intensity_MedianIntensity_cycA,0.00016781177405885442,0.0004947634522234324
Intensity_MedianIntensity_Skp2 & Intensity_MedianIntensity_cycB1,-0.0017087212646722527,0.0004947634522234324
Intensity_MedianIntensity_Skp2 & Intensity_MedianIntensity_cycD1,-0.00010853674898345843,0.0004947634522234324
Intensity_MedianIntensity_Skp2 & Intensity_MedianIntensity_cycE,-0.0011537483797160989,0.0004947634522234324
Intensity_MedianIntensity_Skp2 & Intensity_MedianIntensity_p21,-0.0006157657864859921,0.0004947634522234324
Intensity_MedianIntensity_Skp2 & Intensity_MedianIntensity_pRB,-0.0010888638246925864,0.0004947634522234324
Intensity_MedianIntensity_Skp2 & pRB_over_RB,0.0009996433746956598,0.0004947634522234324
Intensity_MedianIntensity_Skp2 & Metadata_well,0.0011355806660454304,0.0004947634522234324
Intensity_MedianIntensity_cycA & Intensity_MedianIntensity_cycB1,-0.0010401579653729622,0.0003316699186537138
Intensity_MedianIntensity_cycA & Intensity_MedianIntensity_cycD1,-0.002515940696959411,0.0003316699186537138
Intensity_MedianIntensity_cycA & Intensity_MedianIntensity_cycE,-0.0006957419674782706,0.0003316699186537138
Intensity_MedianIntensity_cycA & Intensity_MedianIntensity_p21,0.0003572258162659152,0.0003316699186537138
Intensity_MedianIntensity_cycA & Intensity_MedianIntensity_pRB,-0.00023822122688592467,0.0003316699186537138
Intensity_MedianIntensity_cycA & pRB_over_RB,-9.45608885265637e-05,0.0003316699186537138
Intensity_MedianIntensity_cycA & Metadata_well,-0.0004475623458078366,0.0003316699186537138
Intensity_MedianIntensity_cycB1 & Intensity_MedianIntensity_cycD1,0.0016598234565455118,0.0004561539809152743
Intensity_MedianIntensity_cycB1 & Intensity_MedianIntensity_cycE,0.0013820889563418734,0.0004561539809152743
Intensity_MedianIntensity_cycB1 & Intensity_MedianIntensity_p21,-0.0006255634564869831,0.0004561539809152743
Intensity_MedianIntensity_cycB1 & Intensity_MedianIntensity_pRB,0.00017451578050299148,0.0004561539809152743
Intensity_MedianIntensity_cycB1 & pRB_over_RB,1.4704052994207484e-05,0.0004561539809152743
Intensity_MedianIntensity_cycB1 & Metadata_well,0.0004632198713465389,0.0004561539809152743
Intensity_MedianIntensity_cycD1 & Intensity_MedianIntensity_cycE,-0.001592043322369254,0.00020697702584623388
Intensity_MedianIntensity_cycD1 & Intensity_MedianIntensity_p21,0.0018839038326713016,0.00020697702584623388
Intensity_MedianIntensity_cycD1 & Intensity_MedianIntensity_pRB,-0.0013107351062213155,0.00020697702584623388
Intensity_MedianIntensity_cycD1 & pRB_over_RB,0.0010216045678037688,0.00020697702584623388
Intensity_MedianIntensity_cycD1 & Metadata_well,0.000594566894389833,0.00020697702584623388
Intensity_MedianIntensity_cycE & Intensity_MedianIntensity_p21,0.0006425820304029,0.00019311693443347484
Intensity_MedianIntensity_cycE & Intensity_MedianIntensity_pRB,0.0018534732602852552,0.00019311693443347484
Intensity_MedianIntensity_cycE & pRB_over_RB,-0.0009086350488433347,0.00019311693443347484
Intensity_MedianIntensity_cycE & Metadata_well,0.00019286527392100964,0.00019311693443347484
Intensity_MedianIntensity_p21 & Intensity_MedianIntensity_pRB,-0.00143660929585852,0.0001867316238492653
Intensity_MedianIntensity_p21 & pRB_over_RB,0.0006478821788043858,0.0001867316238492653
Intensity_MedianIntensity_p21 & Metadata_well,0.0001313510996857789,0.0001867316238492653
Intensity_MedianIntensity_pRB & pRB_over_RB,-0.040559678034250854,0.0005180702866610169
Intensity_MedianIntensity_pRB & Metadata_well,-0.0007371568980875535,0.0005180702866610169
pRB_over_RB & Metadata_well,-0.003705120277341026,0.0017686359913999382
