features,iloco,iloco_max,iloco_ratio,ci
"E2F1..nuc.median.,cycA..nuc.median.",-0.006084585502426229,0.0,-0.0028522393852171853,0.019687735208248642
"E2F1..nuc.median.,cycD1..nuc.median.",-0.008252611635707242,0.0,-0.00386853367889725,0.019687735208248642
"E2F1..nuc.median.,p21..nuc.median.",-0.01727608111377593,0.0,-0.008098418364779304,0.019687735208248642
"E2F1..nuc.median.,Int_Intg_DNA_nuc",0.009251224179650401,0.009251224179650401,0.004336648068492211,0.019687735208248642
"E2F1..nuc.median.,Skp2..nuc.median.",-0.008323866075464582,0.0,-0.0039019352506832706,0.019687735208248642
"E2F1..nuc.median.,Cdt1..nuc.median.",0.006427639428053353,0.006427639428053353,0.003013050983235963,0.019687735208248642
"E2F1..nuc.median.,Nuc.area",-0.0094329890325016,0.0,-0.004421853029774071,0.019687735208248642
"E2F1..nuc.median.,Cdh1..nuc.median.",-0.02314839029094772,0.0,-0.01085115008506213,0.019687735208248642
"E2F1..nuc.median.,cycE..nuc.median.",-0.007644384521284252,0.0,-0.0035834182293366353,0.019687735208248642
"E2F1..nuc.median.,PCNA..nuc.median.",-0.009624024192842487,0.0,-0.004511403584708058,0.019687735208248642
"E2F1..nuc.median.,pH2AX..nuc.median.",-0.005078937069174115,0.0,-0.002380826818517304,0.019687735208248642
"E2F1..nuc.median.,cMyc..nuc.median.",-0.007931601904566904,0.0,-0.0037180556228601776,0.019687735208248642
"E2F1..nuc.median.,RB..nuc.median.",0.0036419575744255695,0.0036419575744255695,0.0017072214416125053,0.019687735208248642
"E2F1..nuc.median.,cycB1..cell.median.",0.011315101509026473,0.011315101509026473,0.005304121071009142,0.019687735208248642
"E2F1..nuc.median.,cycB1..cyto.median.",0.01205949593991315,0.01205949593991315,0.005653066962732529,0.019687735208248642
"E2F1..nuc.median.,pRB..nuc.median.",-0.004887185382406182,0.0,-0.002290940381230287,0.019687735208248642
"E2F1..nuc.median.,cycB1..nuc.median.",-0.0046450733507518716,0.0,-0.0021774467879454177,0.019687735208248642
"E2F1..nuc.median.,p27..nuc.median.",-0.00897252319086881,0.0,-0.004206002860764445,0.019687735208248642
"E2F1..nuc.median.,ERK..nuc.median.",-0.0005423548705635862,0.0,-0.0002542368616512977,0.019687735208248642
"E2F1..nuc.median.,pp53..nuc.median.",-0.0014320558539865783,0.0,-0.0006712973475255838,0.019687735208248642
"E2F1..nuc.median.,S6..nuc.median.",-0.004593668917435623,0.0,-0.002153350200064302,0.019687735208248642
"E2F1..nuc.median.,pp21..nuc.median.",0.011544482397218414,0.011544482397218414,0.005411646752628091,0.019687735208248642
"E2F1..nuc.median.,CDK2..nuc.median.",-0.00955949118963532,0.0,-0.004481152785648626,0.019687735208248642
"E2F1..nuc.median.,CDK4..nuc.median.",0.0002528148292260309,0.0002528148292260309,0.00011851068783533536,0.019687735208248642
"E2F1..nuc.median.,DNA..nuc.median.",-0.001259197733391387,0.0,-0.0005902675486313732,0.019687735208248642
"E2F1..nuc.median.,cFos..nuc.median.",-0.004448187768472484,0.0,-0.0020851537612577714,0.019687735208248642
"E2F1..nuc.median.,Cell.area",-0.0025754172735384033,0.0,-0.0012072649119690723,0.019687735208248642
"E2F1..nuc.median.,Fra1..cell.median.",0.009624168300741254,0.009624168300741254,0.0045114711374155386,0.019687735208248642
"E2F1..nuc.median.,CDK6..nuc.median.",-0.006498469358402183,0.0,-0.0030462535599624406,0.019687735208248642
"E2F1..nuc.median.,p16..nuc.median.",-0.008244049289905858,0.0,-0.003864519952750281,0.019687735208248642
"E2F1..nuc.median.,cycD1..cyto.median.",-0.006544941925582095,0.0,-0.003068038262698534,0.019687735208248642
"E2F1..nuc.median.,GSK3b..nuc.median.",0.0027720342742176317,0.0027720342742176317,0.0012994320370619732,0.019687735208248642
"E2F1..nuc.median.,p38..nuc.median.",-0.0015824564203667727,0.0,-0.00074179983595598,0.019687735208248642
"E2F1..nuc.median.,CDK2..cyto.median.",0.010261661119795078,0.010261661119795078,0.004810305318572728,0.019687735208248642
"E2F1..nuc.median.,Skp2..cell.median.",-0.0019455390322270821,0.0,-0.0009120001766731175,0.019687735208248642
"E2F1..nuc.median.,cycA..cell.median.",0.008884960771366081,0.008884960771366081,0.004164956682438739,0.019687735208248642
"cycA..nuc.median.,cycD1..nuc.median.",0.009790272403889107,0.009790272403889107,0.004589334890806064,0.06242186740953868
"cycA..nuc.median.,p21..nuc.median.",-0.012678550615298769,0.0,-0.005943257991527117,0.06242186740953868
"cycA..nuc.median.,Int_Intg_DNA_nuc",-0.10303635062202623,0.0,-0.04829981224456523,0.06242186740953868
"cycA..nuc.median.,Skp2..nuc.median.",-0.04781416085900417,0.0,-0.02241359460209428,0.06242186740953868
"cycA..nuc.median.,Cdt1..nuc.median.",-0.007351657660639423,0.0,-0.00344619818686879,0.06242186740953868
"cycA..nuc.median.,Nuc.area",-0.016977881583058626,0.0,-0.00795863292732822,0.06242186740953868
"cycA..nuc.median.,Cdh1..nuc.median.",0.007927724179052468,0.007927724179052468,0.003716237881712005,0.06242186740953868
"cycA..nuc.median.,cycE..nuc.median.",-0.0022663676987928886,0.0,-0.0010623933560147203,0.06242186740953868
"cycA..nuc.median.,PCNA..nuc.median.",-0.01504802044175876,0.0,-0.007053981993748476,0.06242186740953868
"cycA..nuc.median.,pH2AX..nuc.median.",-0.019257581082854254,0.0,-0.009027275762108704,0.06242186740953868
"cycA..nuc.median.,cMyc..nuc.median.",0.008209080887347174,0.008209080887347174,0.0038481279972134184,0.06242186740953868
"cycA..nuc.median.,RB..nuc.median.",0.006562939253742187,0.006562939253742187,0.003076474776276398,0.06242186740953868
"cycA..nuc.median.,cycB1..cell.median.",0.007915645902400311,0.007915645902400311,0.003710576011012827,0.06242186740953868
"cycA..nuc.median.,cycB1..cyto.median.",-0.006543334623637904,0.0,-0.0030672848161560655,0.06242186740953868
"cycA..nuc.median.,pRB..nuc.median.",-0.0013021649314417512,0.0,-0.0006104090577781849,0.06242186740953868
"cycA..nuc.median.,cycB1..nuc.median.",-0.023926034487334852,0.0,-0.011215682295799658,0.06242186740953868
"cycA..nuc.median.,p27..nuc.median.",-0.010913612671179598,0.0,-0.0051159172442118515,0.06242186740953868
"cycA..nuc.median.,ERK..nuc.median.",-0.01676692149948422,0.0,-0.007859742270135597,0.06242186740953868
"cycA..nuc.median.,pp53..nuc.median.",-0.01054525839372684,0.0,-0.0049432457323323594,0.06242186740953868
"cycA..nuc.median.,S6..nuc.median.",0.011701449970431035,0.011701449970431035,0.005485227622572392,0.06242186740953868
"cycA..nuc.median.,pp21..nuc.median.",-0.007268622846216742,0.0,-0.003407274390342941,0.06242186740953868
"cycA..nuc.median.,CDK2..nuc.median.",-0.015116080829906819,0.0,-0.0070858863066341525,0.06242186740953868
"cycA..nuc.median.,CDK4..nuc.median.",0.012619387284890381,0.012619387284890381,0.005915524305956567,0.06242186740953868
"cycA..nuc.median.,DNA..nuc.median.",0.0026946136881887983,0.0026946136881887983,0.0012631399930747563,0.06242186740953868
"cycA..nuc.median.,cFos..nuc.median.",-0.017265100279327768,0.0,-0.008093270936333585,0.06242186740953868
"cycA..nuc.median.,Cell.area",0.00624893806048388,0.00624893806048388,0.0029292820759586175,0.06242186740953868
"cycA..nuc.median.,Fra1..cell.median.",0.0018449632520156126,0.0018449632520156126,0.0008648537931760473,0.06242186740953868
"cycA..nuc.median.,CDK6..nuc.median.",-0.0024753657066406923,0.0,-0.0011603642612107664,0.06242186740953868
"cycA..nuc.median.,p16..nuc.median.",0.010197391695298482,0.010197391695298482,0.004780178075929603,0.06242186740953868
"cycA..nuc.median.,cycD1..cyto.median.",-0.01975617913007299,0.0,-0.009261000966085637,0.06242186740953868
"cycA..nuc.median.,GSK3b..nuc.median.",0.0017028794397215123,0.0017028794397215123,0.0007982499061462007,0.06242186740953868
"cycA..nuc.median.,p38..nuc.median.",0.014430208522924783,0.014430208522924783,0.006764373525455571,0.06242186740953868
"cycA..nuc.median.,CDK2..cyto.median.",-0.02772999199090615,0.0,-0.012998843598578976,0.06242186740953868
"cycA..nuc.median.,Skp2..cell.median.",-0.005481264886205374,0.0,-0.0025694239292074947,0.06242186740953868
"cycA..nuc.median.,cycA..cell.median.",-0.012532520502278982,0.0,-0.005874804217705274,0.06242186740953868
"cycD1..nuc.median.,p21..nuc.median.",-0.04868173918344818,0.0,-0.02282028476459643,0.031015104175672752
"cycD1..nuc.median.,Int_Intg_DNA_nuc",-0.002541919544853996,0.0,-0.0011915623565475256,0.031015104175672752
"cycD1..nuc.median.,Skp2..nuc.median.",0.003963639526617286,0.003963639526617286,0.0018580146112029247,0.031015104175672752
"cycD1..nuc.median.,Cdt1..nuc.median.",0.011314075930561492,0.011314075930561492,0.005303640315945502,0.031015104175672752
"cycD1..nuc.median.,Nuc.area",0.0009769747679653855,0.0009769747679653855,0.00045797136229627306,0.031015104175672752
"cycD1..nuc.median.,Cdh1..nuc.median.",-0.0032801002471128044,0.0,-0.0015375954711368922,0.031015104175672752
"cycD1..nuc.median.,cycE..nuc.median.",-0.017363776646384735,0.0,-0.008139526941840912,0.031015104175672752
"cycD1..nuc.median.,PCNA..nuc.median.",0.0036757250196279064,0.0036757250196279064,0.0017230504306382762,0.031015104175672752
"cycD1..nuc.median.,pH2AX..nuc.median.",-0.010483515827193575,0.0,-0.004914302991706831,0.031015104175672752
"cycD1..nuc.median.,cMyc..nuc.median.",-0.0015498303272732292,0.0,-0.000726505872600537,0.031015104175672752
"cycD1..nuc.median.,RB..nuc.median.",-0.007821269668797367,0.0,-0.003666335756618598,0.031015104175672752
"cycD1..nuc.median.,cycB1..cell.median.",0.003181220316761347,0.003181220316761347,0.0014912440423265813,0.031015104175672752
"cycD1..nuc.median.,cycB1..cyto.median.",0.003938392382503854,0.003938392382503854,0.001846179639243722,0.031015104175672752
"cycD1..nuc.median.,pRB..nuc.median.",0.009807084885549652,0.009807084885549652,0.004597215990075082,0.031015104175672752
"cycD1..nuc.median.,cycB1..nuc.median.",0.007723693572645985,0.007723693572645985,0.0036205955193604087,0.031015104175672752
"cycD1..nuc.median.,p27..nuc.median.",0.012012418367064367,0.012012418367064367,0.005630998654647092,0.031015104175672752
"cycD1..nuc.median.,ERK..nuc.median.",-0.011174352647805292,0.0,-0.005238142962025475,0.031015104175672752
"cycD1..nuc.median.,pp53..nuc.median.",0.0031932464936100446,0.0031932464936100446,0.0014968814904728462,0.031015104175672752
"cycD1..nuc.median.,S6..nuc.median.",0.0016886856666731445,0.0016886856666731445,0.0007915963652439904,0.031015104175672752
"cycD1..nuc.median.,pp21..nuc.median.",-0.004332387338277908,0.0,-0.002030870598058839,0.031015104175672752
"cycD1..nuc.median.,CDK2..nuc.median.",0.0024980198662439596,0.0024980198662439596,0.0011709837333561852,0.031015104175672752
"cycD1..nuc.median.,CDK4..nuc.median.",-0.05630546472130077,0.0,-0.026394018790107044,0.031015104175672752
"cycD1..nuc.median.,DNA..nuc.median.",-0.008178617688483554,0.0,-0.003833847922496107,0.031015104175672752
"cycD1..nuc.median.,cFos..nuc.median.",0.006898233653608203,0.006898233653608203,0.0032336489819078697,0.031015104175672752
"cycD1..nuc.median.,Cell.area",-0.002143033886340398,0.0,-0.0010045788085380333,0.031015104175672752
"cycD1..nuc.median.,Fra1..cell.median.",-0.010537698139751854,0.0,-0.0049397017515400606,0.031015104175672752
"cycD1..nuc.median.,CDK6..nuc.median.",0.0023357554999545015,0.0023357554999545015,0.001094919913369836,0.031015104175672752
"cycD1..nuc.median.,p16..nuc.median.",-0.004931003016084272,0.0,-0.002311480544647143,0.031015104175672752
"cycD1..nuc.median.,cycD1..cyto.median.",-0.01497229354844496,0.0,-0.007018483893254427,0.031015104175672752
"cycD1..nuc.median.,GSK3b..nuc.median.",-0.006737184346492867,0.0,-0.00315815473886812,0.031015104175672752
"cycD1..nuc.median.,p38..nuc.median.",-0.008005915335384545,0.0,-0.003752891141917995,0.031015104175672752
"cycD1..nuc.median.,CDK2..cyto.median.",0.001913876336705471,0.001913876336705471,0.0008971578201686574,0.031015104175672752
"cycD1..nuc.median.,Skp2..cell.median.",0.0077858324110924885,0.0077858324110924885,0.0036497240183022174,0.031015104175672752
"cycD1..nuc.median.,cycA..cell.median.",0.005476086412457738,0.005476086412457738,0.0025669964430997836,0.031015104175672752
"p21..nuc.median.,Int_Intg_DNA_nuc",0.017934433066419838,0.017934433066419838,0.008407030573107517,0.020295750390696275
"p21..nuc.median.,Skp2..nuc.median.",-0.005817218507469351,0.0,-0.0027269071546126376,0.020295750390696275
"p21..nuc.median.,Cdt1..nuc.median.",-0.022230202647354213,0.0,-0.01042073605619642,0.020295750390696275
"p21..nuc.median.,Nuc.area",-0.011071356063862458,0.0,-0.005189861790999538,0.020295750390696275
"p21..nuc.median.,Cdh1..nuc.median.",-0.0068277392142412335,0.0,-0.0032006036715377384,0.020295750390696275
"p21..nuc.median.,cycE..nuc.median.",0.0042731474340315595,0.0042731474340315595,0.002003101017369973,0.020295750390696275
"p21..nuc.median.,PCNA..nuc.median.",-0.0011170169803175428,0.0,-0.0005236182191782246,0.020295750390696275
"p21..nuc.median.,pH2AX..nuc.median.",0.001996170233386894,0.001996170233386894,0.0009357343005524326,0.020295750390696275
"p21..nuc.median.,cMyc..nuc.median.",0.001226979959606751,0.001226979959606751,0.0005751649909869923,0.020295750390696275
"p21..nuc.median.,RB..nuc.median.",-0.0038203768312445765,0.0,-0.001790858105305937,0.020295750390696275
"p21..nuc.median.,cycB1..cell.median.",0.0020863229971202902,0.0020863229971202902,0.0009779947410218843,0.020295750390696275
"p21..nuc.median.,cycB1..cyto.median.",0.005353941091043501,0.005353941091043501,0.0025097390183633278,0.020295750390696275
"p21..nuc.median.,pRB..nuc.median.",-0.0007176365802813393,0.0,-0.0003364027537676675,0.020295750390696275
"p21..nuc.median.,cycB1..nuc.median.",0.008827458534996408,0.008827458534996408,0.00413800165925002,0.020295750390696275
"p21..nuc.median.,p27..nuc.median.",0.0034726610997355746,0.0034726610997355746,0.0016278612168779394,0.020295750390696275
"p21..nuc.median.,ERK..nuc.median.",0.0032215847676709364,0.0032215847676709364,0.001510165475282218,0.020295750390696275
"p21..nuc.median.,pp53..nuc.median.",-0.0008087545087958254,0.0,-0.0003791156294935144,0.020295750390696275
"p21..nuc.median.,S6..nuc.median.",0.01263231015058254,0.01263231015058254,0.00592158209025138,0.020295750390696275
"p21..nuc.median.,pp21..nuc.median.",0.0071521833091862065,0.0071521833091862065,0.003352691636368571,0.020295750390696275
"p21..nuc.median.,CDK2..nuc.median.",0.001930446660225838,0.001930446660225838,0.0009049254042303384,0.020295750390696275
"p21..nuc.median.,CDK4..nuc.median.",-0.007468587788298372,0.0,-0.0035010109124512215,0.020295750390696275
"p21..nuc.median.,DNA..nuc.median.",0.005068557152873353,0.005068557152873353,0.0023759610793348263,0.020295750390696275
"p21..nuc.median.,cFos..nuc.median.",-0.004619849388916309,0.0,-0.0021656226830216035,0.020295750390696275
"p21..nuc.median.,Cell.area",-0.005506787350014359,0.0,-0.002581387961343248,0.020295750390696275
"p21..nuc.median.,Fra1..cell.median.",-0.007085033606660076,0.0,-0.0033212142208282227,0.020295750390696275
"p21..nuc.median.,CDK6..nuc.median.",-0.008833943708725952,0.0,-0.004141041680287443,0.020295750390696275
"p21..nuc.median.,p16..nuc.median.",0.001974473951437796,0.001974473951437796,0.0009255638477149604,0.020295750390696275
"p21..nuc.median.,cycD1..cyto.median.",-0.00018938134746497644,0.0,-8.87753057048368e-05,0.020295750390696275
"p21..nuc.median.,GSK3b..nuc.median.",-0.00409639436485672,0.0,-0.0019202454037612123,0.020295750390696275
"p21..nuc.median.,p38..nuc.median.",-0.004341617314945357,0.0,-0.0020351972860419456,0.020295750390696275
"p21..nuc.median.,CDK2..cyto.median.",0.002749098415610411,0.002749098415610411,0.0012886805143449034,0.020295750390696275
"p21..nuc.median.,Skp2..cell.median.",-0.022365794363286295,0.0,-0.010484296677102553,0.020295750390696275
"p21..nuc.median.,cycA..cell.median.",-0.005789716006842394,0.0,-0.0027140149509532613,0.020295750390696275
"Int_Intg_DNA_nuc,Skp2..nuc.median.",0.010788811575374925,0.010788811575374925,0.005057414885977193,0.05195087095065442
"Int_Intg_DNA_nuc,Cdt1..nuc.median.",0.0014792151327088037,0.0014792151327088037,0.0006934039564468209,0.05195087095065442
"Int_Intg_DNA_nuc,Nuc.area",-0.2009619980846721,0.0,-0.09420390684632207,0.05195087095065442
"Int_Intg_DNA_nuc,Cdh1..nuc.median.",-0.012478906767525237,0.0,-0.005849671987121573,0.05195087095065442
"Int_Intg_DNA_nuc,cycE..nuc.median.",0.00953141516980226,0.00953141516980226,0.004467991736384702,0.05195087095065442
"Int_Intg_DNA_nuc,PCNA..nuc.median.",0.009966131719467638,0.009966131719467638,0.004671771544206762,0.05195087095065442
"Int_Intg_DNA_nuc,pH2AX..nuc.median.",0.007795159334471711,0.007795159334471711,0.003654096151489353,0.05195087095065442
"Int_Intg_DNA_nuc,cMyc..nuc.median.",0.016719738194462146,0.016719738194462146,0.007837624398531194,0.05195087095065442
"Int_Intg_DNA_nuc,RB..nuc.median.",0.011697083347352826,0.011697083347352826,0.005483180703465231,0.05195087095065442
"Int_Intg_DNA_nuc,cycB1..cell.median.",0.015702601244563442,0.015702601244563442,0.007360826419851474,0.05195087095065442
"Int_Intg_DNA_nuc,cycB1..cyto.median.",-0.0013050046782247088,0.0,-0.0006117402310545183,0.05195087095065442
"Int_Intg_DNA_nuc,pRB..nuc.median.",-0.008511584191759151,0.0,-0.003989930892194209,0.05195087095065442
"Int_Intg_DNA_nuc,cycB1..nuc.median.",0.009872685766327766,0.009872685766327766,0.004627967372529263,0.05195087095065442
"Int_Intg_DNA_nuc,p27..nuc.median.",-0.0020025405029273267,0.0,-0.0009387204585529121,0.05195087095065442
"Int_Intg_DNA_nuc,ERK..nuc.median.",0.00244981151464209,0.00244981151464209,0.001148385356017183,0.05195087095065442
"Int_Intg_DNA_nuc,pp53..nuc.median.",-0.009310924597027195,0.0,-0.004364633521517417,0.05195087095065442
"Int_Intg_DNA_nuc,S6..nuc.median.",0.004840744438436843,0.004840744438436843,0.002269170502341545,0.05195087095065442
"Int_Intg_DNA_nuc,pp21..nuc.median.",0.0017309762040631689,0.0017309762040631689,0.0008114206797051363,0.05195087095065442
"Int_Intg_DNA_nuc,CDK2..nuc.median.",0.006959194066422558,0.006959194066422558,0.0032622250764173257,0.05195087095065442
"Int_Intg_DNA_nuc,CDK4..nuc.median.",-0.015930194817301267,0.0,-0.007467514270934553,0.05195087095065442
"Int_Intg_DNA_nuc,DNA..nuc.median.",-0.022007488168000265,0.0,-0.01031633535225066,0.05195087095065442
"Int_Intg_DNA_nuc,cFos..nuc.median.",-0.0030926810568633286,0.0,-0.001449739955627757,0.05195087095065442
"Int_Intg_DNA_nuc,Cell.area",-0.008743351848825342,0.0,-0.004098575406999713,0.05195087095065442
"Int_Intg_DNA_nuc,Fra1..cell.median.",-0.006391309577397484,0.0,-0.0029960208287811677,0.05195087095065442
"Int_Intg_DNA_nuc,CDK6..nuc.median.",-0.006556698019304067,0.0,-0.0030735491053872827,0.05195087095065442
"Int_Intg_DNA_nuc,p16..nuc.median.",0.007549557782818988,0.007549557782818988,0.003538966794129674,0.05195087095065442
"Int_Intg_DNA_nuc,cycD1..cyto.median.",0.00861830092349839,0.00861830092349839,0.004039955937483973,0.05195087095065442
"Int_Intg_DNA_nuc,GSK3b..nuc.median.",-0.005957395526919795,0.0,-0.002792617204314377,0.05195087095065442
"Int_Intg_DNA_nuc,p38..nuc.median.",0.006474657669077772,0.006474657669077772,0.003035091478651798,0.05195087095065442
"Int_Intg_DNA_nuc,CDK2..cyto.median.",0.01515280625497001,0.01515280625497001,0.007103101892439021,0.05195087095065442
"Int_Intg_DNA_nuc,Skp2..cell.median.",0.0020678276256789357,0.0020678276256789357,0.0009693247622947849,0.05195087095065442
"Int_Intg_DNA_nuc,cycA..cell.median.",0.01231612572893698,0.01231612572893698,0.005773365969358678,0.05195087095065442
"Skp2..nuc.median.,Cdt1..nuc.median.",-0.011963741937084264,0.0,-0.005608180858650034,0.017126373017880926
"Skp2..nuc.median.,Nuc.area",0.001907628611582691,0.001907628611582691,0.0008942291066751748,0.017126373017880926
"Skp2..nuc.median.,Cdh1..nuc.median.",-0.008985745175673064,0.0,-0.004212200861564073,0.017126373017880926
"Skp2..nuc.median.,cycE..nuc.median.",-0.0008480623265533141,0.0,-0.0003975417500419302,0.017126373017880926
"Skp2..nuc.median.,PCNA..nuc.median.",0.006569678314865854,0.006569678314865854,0.003079633810782305,0.017126373017880926
"Skp2..nuc.median.,pH2AX..nuc.median.",-0.0005471854725075624,0.0,-0.0002565012777094535,0.017126373017880926
"Skp2..nuc.median.,cMyc..nuc.median.",-0.00873472815316643,0.0,-0.004094532922200268,0.017126373017880926
"Skp2..nuc.median.,RB..nuc.median.",0.015152905103026252,0.015152905103026252,0.007103148228926371,0.017126373017880926
"Skp2..nuc.median.,cycB1..cell.median.",0.004180221770532643,0.004180221770532643,0.0019595407391516193,0.017126373017880926
"Skp2..nuc.median.,cycB1..cyto.median.",0.0006951510421651416,0.0006951510421651416,0.0003258623254365597,0.017126373017880926
"Skp2..nuc.median.,pRB..nuc.median.",-0.010352607236911806,0.0,-0.004852937655166482,0.017126373017880926
"Skp2..nuc.median.,cycB1..nuc.median.",0.002961290782273635,0.002961290782273635,0.0013881488224487112,0.017126373017880926
"Skp2..nuc.median.,p27..nuc.median.",-0.011689449850860716,0.0,-0.0054796023891604964,0.017126373017880926
"Skp2..nuc.median.,ERK..nuc.median.",0.002241706407592115,0.002241706407592115,0.0010508330112673078,0.017126373017880926
"Skp2..nuc.median.,pp53..nuc.median.",0.008635556352892926,0.008635556352892926,0.004048044675050123,0.017126373017880926
"Skp2..nuc.median.,S6..nuc.median.",0.001982361069705242,0.001982361069705242,0.0009292610509754463,0.017126373017880926
"Skp2..nuc.median.,pp21..nuc.median.",-0.004345602833461386,0.0,-0.00203706555675281,0.017126373017880926
"Skp2..nuc.median.,CDK2..nuc.median.",0.00666958546874935,0.00666958546874935,0.003126466765805755,0.017126373017880926
"Skp2..nuc.median.,CDK4..nuc.median.",-0.017238259629657436,0.0,-0.00808068898509237,0.017126373017880926
"Skp2..nuc.median.,DNA..nuc.median.",-0.0027928807791854694,0.0,-0.0013092041443796669,0.017126373017880926
"Skp2..nuc.median.,cFos..nuc.median.",-0.003950825761539669,0.0,-0.0018520079694336988,0.017126373017880926
"Skp2..nuc.median.,Cell.area",-0.0017271308484062523,0.0,-0.0008096181124061065,0.017126373017880926
"Skp2..nuc.median.,Fra1..cell.median.",-0.008615946952643658,0.0,-0.004038852478853825,0.017126373017880926
"Skp2..nuc.median.,CDK6..nuc.median.",0.0025604202635173007,0.0025604202635173007,0.001200234841863947,0.017126373017880926
"Skp2..nuc.median.,p16..nuc.median.",0.011606432697257958,0.011606432697257958,0.005440686871405015,0.017126373017880926
"Skp2..nuc.median.,cycD1..cyto.median.",-0.011209827230361104,0.0,-0.005254772196917396,0.017126373017880926
"Skp2..nuc.median.,GSK3b..nuc.median.",0.009482449505006704,0.009482449505006704,0.004445038357292972,0.017126373017880926
"Skp2..nuc.median.,p38..nuc.median.",-0.0031337937257485704,0.0,-0.0014690121268182384,0.017126373017880926
"Skp2..nuc.median.,CDK2..cyto.median.",0.0030259911895602104,0.0030259911895602104,0.0014184780946446198,0.017126373017880926
"Skp2..nuc.median.,Skp2..cell.median.",-0.008865140269320738,0.0,-0.00415566552915542,0.017126373017880926
"Skp2..nuc.median.,cycA..cell.median.",-0.004280997063522207,0.0,-0.0020067806472122457,0.017126373017880926
"Cdt1..nuc.median.,Nuc.area",-0.005690850971838535,0.0,-0.0026676705045572922,0.021116683661193025
"Cdt1..nuc.median.,Cdh1..nuc.median.",-0.023227269629107965,0.0,-0.01088812594067149,0.021116683661193025
"Cdt1..nuc.median.,cycE..nuc.median.",-0.0030788155922577675,0.0,-0.0014432403141605532,0.021116683661193025
"Cdt1..nuc.median.,PCNA..nuc.median.",-0.005650954286970661,0.0,-0.002648968343847352,0.021116683661193025
"Cdt1..nuc.median.,pH2AX..nuc.median.",-0.008949634737036557,0.0,-0.0041952735597362905,0.021116683661193025
"Cdt1..nuc.median.,cMyc..nuc.median.",0.009919560736638085,0.009919560736638085,0.004649940707680304,0.021116683661193025
"Cdt1..nuc.median.,RB..nuc.median.",-0.012478061718044489,0.0,-0.005849275857687532,0.021116683661193025
"Cdt1..nuc.median.,cycB1..cell.median.",0.014011458071520771,0.014011458071520771,0.0065680780621745075,0.021116683661193025
"Cdt1..nuc.median.,cycB1..cyto.median.",0.0023420981944038298,0.0023420981944038298,0.0010978931451387968,0.021116683661193025
"Cdt1..nuc.median.,pRB..nuc.median.",-0.01120488144542845,0.0,-0.0052524537871308785,0.021116683661193025
"Cdt1..nuc.median.,cycB1..nuc.median.",0.003457935856375825,0.003457935856375825,0.0016209585414120693,0.021116683661193025
"Cdt1..nuc.median.,p27..nuc.median.",0.0016753883554872639,0.0016753883554872639,0.0007853630540896423,0.021116683661193025
"Cdt1..nuc.median.,ERK..nuc.median.",0.004942862259029907,0.004942862259029907,0.0023170397400590426,0.021116683661193025
"Cdt1..nuc.median.,pp53..nuc.median.",-0.010605422339183275,0.0,-0.004971448470995902,0.021116683661193025
"Cdt1..nuc.median.,S6..nuc.median.",-0.010380667283413685,0.0,-0.004866091216695327,0.021116683661193025
"Cdt1..nuc.median.,pp21..nuc.median.",-0.0074607511555405456,0.0,-0.003497337375019552,0.021116683661193025
"Cdt1..nuc.median.,CDK2..nuc.median.",0.009417528192973654,0.009417528192973654,0.004414605532732154,0.021116683661193025
"Cdt1..nuc.median.,CDK4..nuc.median.",0.0010416855894314076,0.0010416855894314076,0.00048830551629272,0.021116683661193025
"Cdt1..nuc.median.,DNA..nuc.median.",0.012252044608749627,0.012252044608749627,0.005743326997143673,0.021116683661193025
"Cdt1..nuc.median.,cFos..nuc.median.",0.004899146434784408,0.004899146434784408,0.00229654730131847,0.021116683661193025
"Cdt1..nuc.median.,Cell.area",-0.007406339009169335,0.0,-0.003471830877189538,0.021116683661193025
"Cdt1..nuc.median.,Fra1..cell.median.",0.00026472078763289535,0.00026472078763289535,0.00012409178181014687,0.021116683661193025
"Cdt1..nuc.median.,CDK6..nuc.median.",-0.003772460926526269,0.0,-0.0017683968167660068,0.021116683661193025
"Cdt1..nuc.median.,p16..nuc.median.",-0.0004201732493851512,0.0,-0.0001969624208638591,0.021116683661193025
"Cdt1..nuc.median.,cycD1..cyto.median.",-0.006724273069476363,0.0,-0.0031521023869363024,0.021116683661193025
"Cdt1..nuc.median.,GSK3b..nuc.median.",0.0022919119975727074,0.0022919119975727074,0.0010743676236157759,0.021116683661193025
"Cdt1..nuc.median.,p38..nuc.median.",-0.002186660482675196,0.0,-0.0010250294203766645,0.021116683661193025
"Cdt1..nuc.median.,CDK2..cyto.median.",-0.008013840177125812,0.0,-0.003756606028614392,0.021116683661193025
"Cdt1..nuc.median.,Skp2..cell.median.",0.018804357631796352,0.018804357631796352,0.008814820570724519,0.021116683661193025
"Cdt1..nuc.median.,cycA..cell.median.",0.0023211201638079276,0.0023211201638079276,0.0010880593832389822,0.021116683661193025
"Nuc.area,Cdh1..nuc.median.",-0.011846673568559323,0.0,-0.005553303330618451,0.045969637144631155
"Nuc.area,cycE..nuc.median.",0.009396815391402129,0.009396815391402129,0.004404896100857635,0.045969637144631155
"Nuc.area,PCNA..nuc.median.",0.009574698814349372,0.009574698814349372,0.004488281584503984,0.045969637144631155
"Nuc.area,pH2AX..nuc.median.",0.003851955962167853,0.003851955962167853,0.001805661289669832,0.045969637144631155
"Nuc.area,cMyc..nuc.median.",0.011130522912090924,0.011130522912090924,0.005217597125600244,0.045969637144631155
"Nuc.area,RB..nuc.median.",-0.017150422165935358,0.0,-0.008039513875723653,0.045969637144631155
"Nuc.area,cycB1..cell.median.",0.0031788707531675477,0.0031788707531675477,0.0014901426496651364,0.045969637144631155
"Nuc.area,cycB1..cyto.median.",0.01510757680518298,0.01510757680518298,0.007081899919354276,0.045969637144631155
"Nuc.area,pRB..nuc.median.",0.009715420320350344,0.009715420320350344,0.004554246870323865,0.045969637144631155
"Nuc.area,cycB1..nuc.median.",0.0014326347902587253,0.0014326347902587253,0.0006715687324599051,0.045969637144631155
"Nuc.area,p27..nuc.median.",-0.0027972127685814726,0.0,-0.0013112348284364027,0.045969637144631155
"Nuc.area,ERK..nuc.median.",0.0009192219287933791,0.0009192219287933791,0.00043089886534001756,0.045969637144631155
"Nuc.area,pp53..nuc.median.",-0.0036676338739861053,0.0,-0.0017192575865305104,0.045969637144631155
"Nuc.area,S6..nuc.median.",0.01153238188534394,0.01153238188534394,0.0054059744588398125,0.045969637144631155
"Nuc.area,pp21..nuc.median.",-0.008143672566696191,0.0,-0.003817466880164894,0.045969637144631155
"Nuc.area,CDK2..nuc.median.",-0.001574746678019744,0.0,-0.0007381857802798286,0.045969637144631155
"Nuc.area,CDK4..nuc.median.",0.0020077591402553855,0.0020077591402553855,0.0009411667719325694,0.045969637144631155
"Nuc.area,DNA..nuc.median.",-0.054946717966634216,0.0,-0.025757086166405624,0.045969637144631155
"Nuc.area,cFos..nuc.median.",0.009153718378131946,0.009153718378131946,0.004290940782882171,0.045969637144631155
"Nuc.area,Cell.area",-0.016764490249938025,0.0,-0.007858602585976638,0.045969637144631155
"Nuc.area,Fra1..cell.median.",-0.010703853677477037,0.0,-0.005017589615648919,0.045969637144631155
"Nuc.area,CDK6..nuc.median.",0.008648492195784499,0.008648492195784499,0.0040541085425989665,0.045969637144631155
"Nuc.area,p16..nuc.median.",0.003436197572594117,0.003436197572594117,0.0016107683995947686,0.045969637144631155
"Nuc.area,cycD1..cyto.median.",-0.0015466899523636315,0.0,-0.0007250337754465187,0.045969637144631155
"Nuc.area,GSK3b..nuc.median.",-0.007362138078998832,0.0,-0.003451111037876692,0.045969637144631155
"Nuc.area,p38..nuc.median.",0.019381900845218868,0.019381900845218868,0.009085552488179166,0.045969637144631155
"Nuc.area,CDK2..cyto.median.",0.007510125616042203,0.007510125616042203,0.003520482383140569,0.045969637144631155
"Nuc.area,Skp2..cell.median.",0.008367010214128445,0.008367010214128445,0.003922159703357865,0.045969637144631155
"Nuc.area,cycA..cell.median.",0.008759950243138265,0.008759950243138265,0.004106356149660294,0.045969637144631155
"Cdh1..nuc.median.,cycE..nuc.median.",-0.025368126829377374,0.0,-0.011891684395442048,0.17483808798817022
"Cdh1..nuc.median.,PCNA..nuc.median.",-0.01625311315353278,0.0,-0.007618887013817542,0.17483808798817022
"Cdh1..nuc.median.,pH2AX..nuc.median.",-0.0045524640787758305,0.0,-0.002134034822929719,0.17483808798817022
"Cdh1..nuc.median.,cMyc..nuc.median.",-0.01956850466178976,0.0,-0.009173025785225136,0.17483808798817022
"Cdh1..nuc.median.,RB..nuc.median.",-0.011180623646811933,0.0,-0.005241082585496009,0.17483808798817022
"Cdh1..nuc.median.,cycB1..cell.median.",-0.002708591877230414,0.0,-0.0012696924757874422,0.17483808798817022
"Cdh1..nuc.median.,cycB1..cyto.median.",-0.010855969005440483,0.0,-0.005088895923915861,0.17483808798817022
"Cdh1..nuc.median.,pRB..nuc.median.",-0.005566935106691686,0.0,-0.002609583111277311,0.17483808798817022
"Cdh1..nuc.median.,cycB1..nuc.median.",-0.012247440132445567,0.0,-0.005741168580821394,0.17483808798817022
"Cdh1..nuc.median.,p27..nuc.median.",-0.011297873662079756,0.0,-0.005296045263123079,0.17483808798817022
"Cdh1..nuc.median.,ERK..nuc.median.",-0.022538450379490205,0.0,-0.010565231736576221,0.17483808798817022
"Cdh1..nuc.median.,pp53..nuc.median.",0.0026569860150337434,0.0026569860150337434,0.0012455014651414843,0.17483808798817022
"Cdh1..nuc.median.,S6..nuc.median.",0.005306750226731622,0.005306750226731622,0.0024876176032301014,0.17483808798817022
"Cdh1..nuc.median.,pp21..nuc.median.",-0.011877975211185075,0.0,-0.005567976438241569,0.17483808798817022
"Cdh1..nuc.median.,CDK2..nuc.median.",-0.020508475181043376,0.0,-0.009613650859010222,0.17483808798817022
"Cdh1..nuc.median.,CDK4..nuc.median.",0.0028271458590706853,0.0028271458590706853,0.0013252664070181415,0.17483808798817022
"Cdh1..nuc.median.,DNA..nuc.median.",-0.019500181943250813,0.0,-0.009140998501091454,0.17483808798817022
"Cdh1..nuc.median.,cFos..nuc.median.",-0.0072610393191089384,0.0,-0.0034037194999256538,0.17483808798817022
"Cdh1..nuc.median.,Cell.area",-0.010576986794614175,0.0,-0.004958118889198136,0.17483808798817022
"Cdh1..nuc.median.,Fra1..cell.median.",-0.002509592197085078,0.0,-0.0011764084344784952,0.17483808798817022
"Cdh1..nuc.median.,CDK6..nuc.median.",-0.0029576113101489887,0.0,-0.001386424015507213,0.17483808798817022
"Cdh1..nuc.median.,p16..nuc.median.",-0.011778734900487801,0.0,-0.005521456075817689,0.17483808798817022
"Cdh1..nuc.median.,cycD1..cyto.median.",-0.010657769771850732,0.0,-0.004995987103760547,0.17483808798817022
"Cdh1..nuc.median.,GSK3b..nuc.median.",-0.012472425917002095,0.0,-0.005846633992651047,0.17483808798817022
"Cdh1..nuc.median.,p38..nuc.median.",-0.007756683310793998,0.0,-0.003636059946709855,0.17483808798817022
"Cdh1..nuc.median.,CDK2..cyto.median.",-0.007567402205648972,0.0,-0.0035473316310740896,0.17483808798817022
"Cdh1..nuc.median.,Skp2..cell.median.",-0.0014901702563798822,0.0,-0.0006985393325857733,0.17483808798817022
"Cdh1..nuc.median.,cycA..cell.median.",-0.003597750242969334,0.0,-0.0016864986016023606,0.17483808798817022
"cycE..nuc.median.,PCNA..nuc.median.",-0.007902113734888742,0.0,-0.003704232607484606,0.02351477234330986
"cycE..nuc.median.,pH2AX..nuc.median.",0.009092871512355102,0.009092871512355102,0.0042624179152247876,0.02351477234330986
"cycE..nuc.median.,cMyc..nuc.median.",0.006525007337762971,0.006525007337762971,0.0030586936300225523,0.02351477234330986
"cycE..nuc.median.,RB..nuc.median.",0.00033501763234336675,0.00033501763234336675,0.00015704446676457015,0.02351477234330986
"cycE..nuc.median.,cycB1..cell.median.",-0.004813367918356722,0.0,-0.002256337353925507,0.02351477234330986
"cycE..nuc.median.,cycB1..cyto.median.",0.012927648222708484,0.012927648222708484,0.006060026176695038,0.02351477234330986
"cycE..nuc.median.,pRB..nuc.median.",0.012031069308317398,0.012031069308317398,0.005639741559022756,0.02351477234330986
"cycE..nuc.median.,cycB1..nuc.median.",-0.000143685270673057,0.0,-6.735459431474293e-05,0.02351477234330986
"cycE..nuc.median.,p27..nuc.median.",-0.004005828641973528,0.0,-0.0018777913825867045,0.02351477234330986
"cycE..nuc.median.,ERK..nuc.median.",0.0014933123236613116,0.0014933123236613116,0.0007000122230641012,0.02351477234330986
"cycE..nuc.median.,pp53..nuc.median.",-0.005634975804834197,0.0,-0.002641478194181867,0.02351477234330986
"cycE..nuc.median.,S6..nuc.median.",-0.006469152585654448,0.0,-0.003032510889431275,0.02351477234330986
"cycE..nuc.median.,pp21..nuc.median.",0.006176416898135351,0.006176416898135351,0.0028952867092356545,0.02351477234330986
"cycE..nuc.median.,CDK2..nuc.median.",-0.005876755410777856,0.0,-0.0027548159580015738,0.02351477234330986
"cycE..nuc.median.,CDK4..nuc.median.",-0.01794643508634412,0.0,-0.00841265669733842,0.02351477234330986
"cycE..nuc.median.,DNA..nuc.median.",-0.02498968674669142,0.0,-0.011714285013289999,0.02351477234330986
"cycE..nuc.median.,cFos..nuc.median.",-0.0013094574551793066,0.0,-0.0006138275360646011,0.02351477234330986
"cycE..nuc.median.,Cell.area",0.004120132452085717,0.004120132452085717,0.0019313729830017815,0.02351477234330986
"cycE..nuc.median.,Fra1..cell.median.",0.013868579353037801,0.013868579353037801,0.006501101551119813,0.02351477234330986
"cycE..nuc.median.,CDK6..nuc.median.",-0.006126231718524105,0.0,-0.002871761664549485,0.02351477234330986
"cycE..nuc.median.,p16..nuc.median.",-0.008871156631304824,0.0,-0.004158485787758063,0.02351477234330986
"cycE..nuc.median.,cycD1..cyto.median.",-0.012464272578566795,0.0,-0.005842811994752111,0.02351477234330986
"cycE..nuc.median.,GSK3b..nuc.median.",0.003866960379982015,0.003866960379982015,0.0018126948322874422,0.02351477234330986
"cycE..nuc.median.,p38..nuc.median.",0.0023086995902559825,0.0023086995902559825,0.0010822370558088363,0.02351477234330986
"cycE..nuc.median.,CDK2..cyto.median.",-0.0006908562516088898,0.0,-0.00032384907888576085,0.02351477234330986
"cycE..nuc.median.,Skp2..cell.median.",0.0006584422263905875,0.0006584422263905875,0.0003086545254812275,0.02351477234330986
"cycE..nuc.median.,cycA..cell.median.",0.0017436605924628977,0.0017436605924628977,0.0008173666742443983,0.02351477234330986
"PCNA..nuc.median.,pH2AX..nuc.median.",-0.011068493836139675,0.0,-0.00518852007945039,0.013637267096296103
"PCNA..nuc.median.,cMyc..nuc.median.",0.0029673816044305914,0.0029673816044305914,0.001391003985357918,0.013637267096296103
"PCNA..nuc.median.,RB..nuc.median.",0.006826289941389404,0.006826289941389404,0.0031999243034680045,0.013637267096296103
"PCNA..nuc.median.,cycB1..cell.median.",0.001499858325779529,0.001499858325779529,0.0007030807583077673,0.013637267096296103
"PCNA..nuc.median.,cycB1..cyto.median.",0.004569038414676531,0.004569038414676531,0.002141804287853985,0.013637267096296103
"PCNA..nuc.median.,pRB..nuc.median.",-0.005475358244424248,0.0,-0.002566655103571668,0.013637267096296103
"PCNA..nuc.median.,cycB1..nuc.median.",0.006906810050559177,0.006906810050559177,0.0032376692947388864,0.013637267096296103
"PCNA..nuc.median.,p27..nuc.median.",-0.004913432701165589,0.0,-0.0023032441998374997,0.013637267096296103
"PCNA..nuc.median.,ERK..nuc.median.",-0.00929033054824158,0.0,-0.004354979756766475,0.013637267096296103
"PCNA..nuc.median.,pp53..nuc.median.",0.0012590183862463556,0.0012590183862463556,0.0005901834770063659,0.013637267096296103
"PCNA..nuc.median.,S6..nuc.median.",-0.005090750048247715,0.0,-0.002386364327055401,0.013637267096296103
"PCNA..nuc.median.,pp21..nuc.median.",-0.01070580276540621,0.0,-0.005018503279423488,0.013637267096296103
"PCNA..nuc.median.,CDK2..nuc.median.",-0.003910398088441527,0.0,-0.0018330569001427464,0.013637267096296103
"PCNA..nuc.median.,CDK4..nuc.median.",0.0047873416785207965,0.0047873416785207965,0.0022441371693312506,0.013637267096296103
"PCNA..nuc.median.,DNA..nuc.median.",0.007767281190179565,0.007767281190179565,0.003641027859309858,0.013637267096296103
"PCNA..nuc.median.,cFos..nuc.median.",0.00901522247909603,0.00901522247909603,0.004226018783221917,0.013637267096296103
"PCNA..nuc.median.,Cell.area",0.004747710655779506,0.004747710655779506,0.002225559541669667,0.013637267096296103
"PCNA..nuc.median.,Fra1..cell.median.",0.011333574080446725,0.011333574080446725,0.005312780361889363,0.013637267096296103
"PCNA..nuc.median.,CDK6..nuc.median.",0.003644598699496905,0.003644598699496905,0.0017084595080258615,0.013637267096296103
"PCNA..nuc.median.,p16..nuc.median.",0.0029243347579123707,0.0029243347579123707,0.001370825139814584,0.013637267096296103
"PCNA..nuc.median.,cycD1..cyto.median.",-0.0024412488158034795,0.0,-0.0011443714643787962,0.013637267096296103
"PCNA..nuc.median.,GSK3b..nuc.median.",0.003284782427186616,0.003284782427186616,0.001539790312249714,0.013637267096296103
"PCNA..nuc.median.,p38..nuc.median.",0.0059246200300482514,0.0059246200300482514,0.0027772532057297895,0.013637267096296103
"PCNA..nuc.median.,CDK2..cyto.median.",-0.012621521020163437,0.0,-0.005916524525902692,0.013637267096296103
"PCNA..nuc.median.,Skp2..cell.median.",-0.007483825469281817,0.0,-0.0035081538006270924,0.013637267096296103
"PCNA..nuc.median.,cycA..cell.median.",-0.009020423752665818,0.0,-0.004228456957083246,0.013637267096296103
"pH2AX..nuc.median.,cMyc..nuc.median.",0.003218011521766248,0.003218011521766248,0.0015084904634513623,0.021834244879736554
"pH2AX..nuc.median.,RB..nuc.median.",0.009164775413745737,0.009164775413745737,0.004296123931750541,0.021834244879736554
"pH2AX..nuc.median.,cycB1..cell.median.",-0.01058105312022118,0.0,-0.004960025039427235,0.021834244879736554
"pH2AX..nuc.median.,cycB1..cyto.median.",-0.00047307916253323747,0.0,-0.00022176284960821318,0.021834244879736554
"pH2AX..nuc.median.,pRB..nuc.median.",1.7211271587841922e-05,1.7211271587841922e-05,8.068037941604624e-06,0.021834244879736554
"pH2AX..nuc.median.,cycB1..nuc.median.",-0.011956421037590296,0.0,-0.005604749078808402,0.021834244879736554
"pH2AX..nuc.median.,p27..nuc.median.",0.003327662515756546,0.003327662515756546,0.0015598909875400829,0.021834244879736554
"pH2AX..nuc.median.,ERK..nuc.median.",-0.008994174095608074,0.0,-0.004216152042364127,0.021834244879736554
"pH2AX..nuc.median.,pp53..nuc.median.",0.004065782722450451,0.004065782722450451,0.0019058957439392686,0.021834244879736554
"pH2AX..nuc.median.,S6..nuc.median.",0.010065755075688668,0.010065755075688668,0.004718471464881365,0.021834244879736554
"pH2AX..nuc.median.,pp21..nuc.median.",0.013448242669712946,0.013448242669712946,0.006304062518181143,0.021834244879736554
"pH2AX..nuc.median.,CDK2..nuc.median.",0.0034926250912598847,0.0034926250912598847,0.0016372196329753174,0.021834244879736554
"pH2AX..nuc.median.,CDK4..nuc.median.",-0.016116752699853028,0.0,-0.007554966035730146,0.021834244879736554
"pH2AX..nuc.median.,DNA..nuc.median.",0.003917378475109129,0.003917378475109129,0.0018363290595641956,0.021834244879736554
"pH2AX..nuc.median.,cFos..nuc.median.",-0.008589609115671545,0.0,-0.004026506228496536,0.021834244879736554
"pH2AX..nuc.median.,Cell.area",0.003349752219883004,0.003349752219883004,0.001570245862838023,0.021834244879736554
"pH2AX..nuc.median.,Fra1..cell.median.",0.002129371229689808,0.002129371229689808,0.0009981742362972499,0.021834244879736554
"pH2AX..nuc.median.,CDK6..nuc.median.",-0.0034223735841283215,0.0,-0.0016042882006811027,0.021834244879736554
"pH2AX..nuc.median.,p16..nuc.median.",-0.009692777910759849,0.0,-0.004543632906170599,0.021834244879736554
"pH2AX..nuc.median.,cycD1..cyto.median.",-0.0005227854984226095,0.0,-0.00024506342922238225,0.021834244879736554
"pH2AX..nuc.median.,GSK3b..nuc.median.",0.005831481914507233,0.005831481914507233,0.002733593337476632,0.021834244879736554
"pH2AX..nuc.median.,p38..nuc.median.",-0.0026581465012952303,0.0,-0.0012460454602286923,0.021834244879736554
"pH2AX..nuc.median.,CDK2..cyto.median.",0.006009516176625627,0.006009516176625627,0.0028170495292138796,0.021834244879736554
"pH2AX..nuc.median.,Skp2..cell.median.",-0.010343311516737015,0.0,-0.004848580148942611,0.021834244879736554
"pH2AX..nuc.median.,cycA..cell.median.",-0.0014494357596073087,0.0,-0.0006794444351625375,0.021834244879736554
"cMyc..nuc.median.,RB..nuc.median.",0.006954319277322285,0.006954319277322285,0.0032599399469765643,0.013440865472800831
"cMyc..nuc.median.,cycB1..cell.median.",-0.009098503436122223,0.0,-0.004265057962731181,0.013440865472800831
"cMyc..nuc.median.,cycB1..cyto.median.",0.009352954015449218,0.009352954015449218,0.004384335432602941,0.013440865472800831
"cMyc..nuc.median.,pRB..nuc.median.",0.006560606773694275,0.006560606773694275,0.0030753813917795848,0.013440865472800831
"cMyc..nuc.median.,cycB1..nuc.median.",0.014521904681986114,0.014521904681986114,0.006807357455296573,0.013440865472800831
"cMyc..nuc.median.,p27..nuc.median.",0.0010700865149197148,0.0010700865149197148,0.0005016188698846889,0.013440865472800831
"cMyc..nuc.median.,ERK..nuc.median.",-0.0012503452292547893,0.0,-0.0005861178064761954,0.013440865472800831
"cMyc..nuc.median.,pp53..nuc.median.",-0.009981446888465943,0.0,-0.004678950756034882,0.013440865472800831
"cMyc..nuc.median.,S6..nuc.median.",-0.008926496101997338,0.0,-0.004184426982569661,0.013440865472800831
"cMyc..nuc.median.,pp21..nuc.median.",-0.007068580817039901,0.0,-0.003313501732519423,0.013440865472800831
"cMyc..nuc.median.,CDK2..nuc.median.",-0.008662924712293784,0.0,-0.004060873998027141,0.013440865472800831
"cMyc..nuc.median.,CDK4..nuc.median.",-0.015849887837815477,0.0,-0.007429869187353122,0.013440865472800831
"cMyc..nuc.median.,DNA..nuc.median.",0.004668040035494159,0.004668040035494159,0.002188212760868914,0.013440865472800831
"cMyc..nuc.median.,cFos..nuc.median.",0.0007392632339302418,0.0007392632339302418,0.000346540567310308,0.013440865472800831
"cMyc..nuc.median.,Cell.area",-0.025805269661079912,0.0,-0.012096601558829786,0.013440865472800831
"cMyc..nuc.median.,Fra1..cell.median.",-0.01430211551285218,0.0,-0.006704328033752904,0.013440865472800831
"cMyc..nuc.median.,CDK6..nuc.median.",0.00491256260889655,0.00491256260889655,0.0023028363312263124,0.013440865472800831
"cMyc..nuc.median.,p16..nuc.median.",0.005658586293907961,0.005658586293907961,0.002652545959901253,0.013440865472800831
"cMyc..nuc.median.,cycD1..cyto.median.",0.005588054653907913,0.005588054653907913,0.002619483211184537,0.013440865472800831
"cMyc..nuc.median.,GSK3b..nuc.median.",-0.005026860867234539,0.0,-0.002356415329165177,0.013440865472800831
"cMyc..nuc.median.,p38..nuc.median.",-0.0018584896075871553,0.0,-0.0008711944722714798,0.013440865472800831
"cMyc..nuc.median.,CDK2..cyto.median.",0.005247661198300217,0.005247661198300217,0.0024599187478094543,0.013440865472800831
"cMyc..nuc.median.,Skp2..cell.median.",-0.0058952226890955535,0.0,-0.0027634727676617388,0.013440865472800831
"cMyc..nuc.median.,cycA..cell.median.",-0.00685185591950465,0.0,-0.0032119087335779647,0.013440865472800831
"RB..nuc.median.,cycB1..cell.median.",-0.004347356168485344,0.0,-0.002037887458459807,0.032046958934819986
"RB..nuc.median.,cycB1..cyto.median.",0.002937126578461388,0.002937126578461388,0.001376821494761686,0.032046958934819986
"RB..nuc.median.,pRB..nuc.median.",-0.011682839160565847,0.0,-0.005476503530377925,0.032046958934819986
"RB..nuc.median.,cycB1..nuc.median.",-0.008205341708316575,0.0,-0.0038463752017772793,0.032046958934819986
"RB..nuc.median.,p27..nuc.median.",-0.008473596020780091,0.0,-0.0039721233755777305,0.032046958934819986
"RB..nuc.median.,ERK..nuc.median.",-0.0029484188833830524,0.0,-0.0013821149295954326,0.032046958934819986
"RB..nuc.median.,pp53..nuc.median.",-0.006571036111596847,0.0,-0.003080270298068368,0.032046958934819986
"RB..nuc.median.,S6..nuc.median.",-0.01263306334443196,0.0,-0.005921935161000597,0.032046958934819986
"RB..nuc.median.,pp21..nuc.median.",-0.00198455552083499,0.0,-0.000930289732376785,0.032046958934819986
"RB..nuc.median.,CDK2..nuc.median.",-0.008482715215355898,0.0,-0.0039763981328180065,0.032046958934819986
"RB..nuc.median.,CDK4..nuc.median.",-0.033549610774125,0.0,-0.015726875917925574,0.032046958934819986
"RB..nuc.median.,DNA..nuc.median.",-0.0036037465940286584,0.0,-0.0016893094797882573,0.032046958934819986
"RB..nuc.median.,cFos..nuc.median.",-0.005337502382266816,0.0,-0.0025020331306580307,0.032046958934819986
"RB..nuc.median.,Cell.area",-0.004047705618357625,0.0,-0.0018974218342138374,0.032046958934819986
"RB..nuc.median.,Fra1..cell.median.",0.006278493609905972,0.006278493609905972,0.002943136676585038,0.032046958934819986
"RB..nuc.median.,CDK6..nuc.median.",-0.004097602720724335,0.0,-0.0019208118384338117,0.032046958934819986
"RB..nuc.median.,p16..nuc.median.",0.002640534620999247,0.002640534620999247,0.0012377896310340982,0.032046958934819986
"RB..nuc.median.,cycD1..cyto.median.",0.011162490584354694,0.011162490584354694,0.005232582444460186,0.032046958934819986
"RB..nuc.median.,GSK3b..nuc.median.",-0.007886885417993247,0.0,-0.003697094108863364,0.032046958934819986
"RB..nuc.median.,p38..nuc.median.",-0.012129188946434248,0.0,-0.005685736589610878,0.032046958934819986
"RB..nuc.median.,CDK2..cyto.median.",-0.009125571824274134,0.0,-0.004277746669751642,0.032046958934819986
"RB..nuc.median.,Skp2..cell.median.",-0.0001858093316494461,0.0,-8.710087049645461e-05,0.032046958934819986
"RB..nuc.median.,cycA..cell.median.",0.002277971274892226,0.002277971274892226,0.0010678327038136292,0.032046958934819986
"cycB1..cell.median.,cycB1..cyto.median.",-0.027642170307306698,0.0,-0.012957675886375973,0.011876513103730436
"cycB1..cell.median.,pRB..nuc.median.",0.001957825758393817,0.001957825758393817,0.0009177597611631647,0.011876513103730436
"cycB1..cell.median.,cycB1..nuc.median.",-0.010304746653027783,0.0,-0.004830502299085271,0.011876513103730436
"cycB1..cell.median.,p27..nuc.median.",-0.0055809659668819445,0.0,-0.0026161602843694097,0.011876513103730436
"cycB1..cell.median.,ERK..nuc.median.",-0.0006990591233147782,0.0,-0.000327694296237393,0.011876513103730436
"cycB1..cell.median.,pp53..nuc.median.",0.006297196821074361,0.006297196821074361,0.0029519040832560826,0.011876513103730436
"cycB1..cell.median.,S6..nuc.median.",-0.005077398593772271,0.0,-0.0023801056354338258,0.011876513103730436
"cycB1..cell.median.,pp21..nuc.median.",-0.00046044195825831175,0.0,-0.00021583897332484015,0.011876513103730436
"cycB1..cell.median.,CDK2..nuc.median.",-0.010227893354533021,0.0,-0.004794476179514233,0.011876513103730436
"cycB1..cell.median.,CDK4..nuc.median.",0.0026424257922601476,0.0026424257922601476,0.0012386761455143993,0.011876513103730436
"cycB1..cell.median.,DNA..nuc.median.",0.006479408653614665,0.006479408653614665,0.003037318572873628,0.011876513103730436
"cycB1..cell.median.,cFos..nuc.median.",-0.005363792716486728,0.0,-0.002514357113398129,0.011876513103730436
"cycB1..cell.median.,Cell.area",-0.0064480936062573935,0.0,-0.0030226391815844867,0.011876513103730436
"cycB1..cell.median.,Fra1..cell.median.",-0.0015183888790400283,0.0,-0.0007117672290325826,0.011876513103730436
"cycB1..cell.median.,CDK6..nuc.median.",-0.007087617911329273,0.0,-0.0033224256518382643,0.011876513103730436
"cycB1..cell.median.,p16..nuc.median.",0.003202407694081691,0.003202407694081691,0.0015011759385976497,0.011876513103730436
"cycB1..cell.median.,cycD1..cyto.median.",-0.0008492929354651293,0.0,-0.00039811861615790127,0.011876513103730436
"cycB1..cell.median.,GSK3b..nuc.median.",0.0036932943233251984,0.0036932943233251984,0.001731286301422946,0.011876513103730436
"cycB1..cell.median.,p38..nuc.median.",-0.00880461376139688,0.0,-0.004127292833976554,0.011876513103730436
"cycB1..cell.median.,CDK2..cyto.median.",0.003839546751679622,0.003839546751679622,0.0017998442888437496,0.011876513103730436
"cycB1..cell.median.,Skp2..cell.median.",0.007918151321523258,0.007918151321523258,0.0037117504632571243,0.011876513103730436
"cycB1..cell.median.,cycA..cell.median.",-0.004237444643270433,0.0,-0.001986364806508864,0.011876513103730436
"cycB1..cyto.median.,pRB..nuc.median.",0.0066216499400476225,0.0066216499400476225,0.003103996278233552,0.011392318686795704
"cycB1..cyto.median.,cycB1..nuc.median.",-0.0035908603825578105,0.0,-0.0016832688777014375,0.011392318686795704
"cycB1..cyto.median.,p27..nuc.median.",-0.001415044357050371,0.0,-0.000663322956904628,0.011392318686795704
"cycB1..cyto.median.,ERK..nuc.median.",0.0007079704408393002,0.0007079704408393002,0.0003318716080374298,0.011392318686795704
"cycB1..cyto.median.,pp53..nuc.median.",-0.00986683701854447,0.0,-0.0046252256855606,0.011392318686795704
"cycB1..cyto.median.,S6..nuc.median.",-0.009525456872906592,0.0,-0.004465198696650465,0.011392318686795704
"cycB1..cyto.median.,pp21..nuc.median.",0.0013837173761358085,0.0013837173761358085,0.0006486379715841269,0.011392318686795704
"cycB1..cyto.median.,CDK2..nuc.median.",-0.008870062257210336,0.0,-0.004157972783726282,0.011392318686795704
"cycB1..cyto.median.,CDK4..nuc.median.",0.004901707911113452,0.004901707911113452,0.0022977480312066584,0.011392318686795704
"cycB1..cyto.median.,DNA..nuc.median.",-0.012079158161900399,0.0,-0.005662283919899217,0.011392318686795704
"cycB1..cyto.median.,cFos..nuc.median.",-0.0016672906532472704,0.0,-0.0007815671364795667,0.011392318686795704
"cycB1..cyto.median.,Cell.area",0.015916042892541508,0.015916042892541508,0.007460880347036151,0.011392318686795704
"cycB1..cyto.median.,Fra1..cell.median.",-0.007750296520813129,0.0,-0.0036330660445087473,0.011392318686795704
"cycB1..cyto.median.,CDK6..nuc.median.",0.0008554648626125894,0.0008554648626125894,0.00040101179823014886,0.011392318686795704
"cycB1..cyto.median.,p16..nuc.median.",-0.011089942872341706,0.0,-0.005198574632189601,0.011392318686795704
"cycB1..cyto.median.,cycD1..cyto.median.",0.0030552210332785625,0.0030552210332785625,0.00143218001590844,0.011392318686795704
"cycB1..cyto.median.,GSK3b..nuc.median.",-0.00947987096483994,0.0,-0.004443829628478647,0.011392318686795704
"cycB1..cyto.median.,p38..nuc.median.",-0.0012039050482657424,0.0,-0.0005643482852457425,0.011392318686795704
"cycB1..cyto.median.,CDK2..cyto.median.",-0.006065233043411904,0.0,-0.0028431676340223916,0.011392318686795704
"cycB1..cyto.median.,Skp2..cell.median.",0.0012541293792842358,0.0012541293792842358,0.0005878916827327217,0.011392318686795704
"cycB1..cyto.median.,cycA..cell.median.",-0.013834107523495098,0.0,-0.006484942371523605,0.011392318686795704
"pRB..nuc.median.,cycB1..nuc.median.",0.0038572706427129253,0.0038572706427129253,0.0018081526247269955,0.010058561942153545
"pRB..nuc.median.,p27..nuc.median.",0.0011498773292612657,0.0011498773292612657,0.0005390219934257708,0.010058561942153545
"pRB..nuc.median.,ERK..nuc.median.",-0.003221689158453689,0.0,-0.0015102144100045426,0.010058561942153545
"pRB..nuc.median.,pp53..nuc.median.",-0.00010190510042374417,0.0,-4.776952199409734e-05,0.010058561942153545
"pRB..nuc.median.,S6..nuc.median.",-0.004637507694327268,0.0,-0.0021739002746750118,0.010058561942153545
"pRB..nuc.median.,pp21..nuc.median.",0.005678647776120508,0.005678647776120508,0.002661950076199668,0.010058561942153545
"pRB..nuc.median.,CDK2..nuc.median.",0.003659957773800245,0.003659957773800245,0.0017156593011146421,0.010058561942153545
"pRB..nuc.median.,CDK4..nuc.median.",-0.005400871821426744,0.0,-0.0025317384918726936,0.010058561942153545
"pRB..nuc.median.,DNA..nuc.median.",-0.0074903024954178195,0.0,-0.003511190002359621,0.010058561942153545
"pRB..nuc.median.,cFos..nuc.median.",-0.007959064560983897,0.0,-0.0037309291489572307,0.010058561942153545
"pRB..nuc.median.,Cell.area",0.01187765370042983,0.01187765370042983,0.005567825725323078,0.010058561942153545
"pRB..nuc.median.,Fra1..cell.median.",-0.0026007971246593724,0.0,-0.0012191620922994844,0.010058561942153545
"pRB..nuc.median.,CDK6..nuc.median.",-0.00948698952239338,0.0,-0.004447166557545017,0.010058561942153545
"pRB..nuc.median.,p16..nuc.median.",0.0022559195109036635,0.0022559195109036635,0.0010574956135160876,0.010058561942153545
"pRB..nuc.median.,cycD1..cyto.median.",-0.008858232252607916,0.0,-0.004152427294219911,0.010058561942153545
"pRB..nuc.median.,GSK3b..nuc.median.",-0.009873093082677462,0.0,-0.004628158308088371,0.010058561942153545
"pRB..nuc.median.,p38..nuc.median.",-0.00047644522228310754,0.0,-0.00022334073986676002,0.010058561942153545
"pRB..nuc.median.,CDK2..cyto.median.",0.005268963135083829,0.005268963135083829,0.002469904345522133,0.010058561942153545
"pRB..nuc.median.,Skp2..cell.median.",0.007582603586095498,0.007582603586095498,0.003554457502836753,0.010058561942153545
"pRB..nuc.median.,cycA..cell.median.",0.0034665099739654794,0.0034665099739654794,0.0016249777857587787,0.010058561942153545
"cycB1..nuc.median.,p27..nuc.median.",0.0015473756472158566,0.0015473756472158566,0.0007253552050431572,0.009895787040828987
"cycB1..nuc.median.,ERK..nuc.median.",-0.0023874861299338387,0.0,-0.0011191694107580026,0.009895787040828987
"cycB1..nuc.median.,pp53..nuc.median.",0.001913158474713137,0.001913158474713137,0.0008968213117496584,0.009895787040828987
"cycB1..nuc.median.,S6..nuc.median.",-0.004919337874750502,0.0,-0.0023060123372346517,0.009895787040828987
"cycB1..nuc.median.,pp21..nuc.median.",-0.006662878663083918,0.0,-0.003123322851522635,0.009895787040828987
"cycB1..nuc.median.,CDK2..nuc.median.",0.009893233097936376,0.009893233097936376,0.0046375992379129975,0.009895787040828987
"cycB1..nuc.median.,CDK4..nuc.median.",0.0017386974690891414,0.0017386974690891414,0.0008150401368073494,0.009895787040828987
"cycB1..nuc.median.,DNA..nuc.median.",-0.011021240816350855,0.0,-0.005166369528018681,0.009895787040828987
"cycB1..nuc.median.,cFos..nuc.median.",0.008602793071258812,0.008602793071258812,0.004032686402538624,0.009895787040828987
"cycB1..nuc.median.,Cell.area",-0.001896073542522383,0.0,-0.0008888124972677513,0.009895787040828987
"cycB1..nuc.median.,Fra1..cell.median.",0.001576522921202794,0.001576522921202794,0.0007390184205249856,0.009895787040828987
"cycB1..nuc.median.,CDK6..nuc.median.",-0.0017546322825972836,0.0,-0.0008225098161578805,0.009895787040828987
"cycB1..nuc.median.,p16..nuc.median.",-0.014718080281119511,0.0,-0.006899317666890894,0.009895787040828987
"cycB1..nuc.median.,cycD1..cyto.median.",0.01153275319604676,0.01153275319604676,0.005406148516219779,0.009895787040828987
"cycB1..nuc.median.,GSK3b..nuc.median.",-0.011316952210857639,0.0,-0.005304988614846112,0.009895787040828987
"cycB1..nuc.median.,p38..nuc.median.",0.012286952336718032,0.012286952336718032,0.0057596905105695645,0.009895787040828987
"cycB1..nuc.median.,CDK2..cyto.median.",0.003392751814022872,0.003392751814022872,0.001590402558130608,0.009895787040828987
"cycB1..nuc.median.,Skp2..cell.median.",0.0010033466863734464,0.0010033466863734464,0.0004703335888303914,0.009895787040828987
"cycB1..nuc.median.,cycA..cell.median.",-0.0033520228369958473,0.0,-0.0015713102481696808,0.009895787040828987
"p27..nuc.median.,ERK..nuc.median.",-0.0024634992653119717,0.0,-0.0011548016914504024,0.01515423814222176
"p27..nuc.median.,pp53..nuc.median.",0.006065486868484429,0.006065486868484429,0.0028432866182767046,0.01515423814222176
"p27..nuc.median.,S6..nuc.median.",-0.000713592253090086,0.0,-0.00033450691562109244,0.01515423814222176
"p27..nuc.median.,pp21..nuc.median.",-0.00017087044669033546,0.0,-8.00980473732339e-05,0.01515423814222176
"p27..nuc.median.,CDK2..nuc.median.",-0.0024360351117388955,0.0,-0.001141927463539307,0.01515423814222176
"p27..nuc.median.,CDK4..nuc.median.",0.005429190085221636,0.005429190085221636,0.0025450130965741233,0.01515423814222176
"p27..nuc.median.,DNA..nuc.median.",-0.0029852007921123704,0.0,-0.0013993569929536336,0.01515423814222176
"p27..nuc.median.,cFos..nuc.median.",-0.0025019537495766814,0.0,-0.0011728277993116995,0.01515423814222176
"p27..nuc.median.,Cell.area",0.007417300786519925,0.007417300786519925,0.0034769693723391035,0.01515423814222176
"p27..nuc.median.,Fra1..cell.median.",-0.0029212600845607275,0.0,-0.0013693838412369343,0.01515423814222176
"p27..nuc.median.,CDK6..nuc.median.",-0.01048230278627359,0.0,-0.004913734360846688,0.01515423814222176
"p27..nuc.median.,p16..nuc.median.",0.0030374041020134416,0.0030374041020134416,0.0014238280660413831,0.01515423814222176
"p27..nuc.median.,cycD1..cyto.median.",0.0013462925856671218,0.0013462925856671218,0.0006310945479087221,0.01515423814222176
"p27..nuc.median.,GSK3b..nuc.median.",0.016420218486077876,0.016420218486077876,0.007697220108286325,0.01515423814222176
"p27..nuc.median.,p38..nuc.median.",-0.013559130539388035,0.0,-0.006356042846028291,0.01515423814222176
"p27..nuc.median.,CDK2..cyto.median.",-0.0006057223464439341,0.0,-0.0002839413025496397,0.01515423814222176
"p27..nuc.median.,Skp2..cell.median.",0.008975738591475166,0.008975738591475166,0.004207510127322709,0.01515423814222176
"p27..nuc.median.,cycA..cell.median.",-0.0063726427216022575,0.0,-0.0029872704642286297,0.01515423814222176
"ERK..nuc.median.,pp53..nuc.median.",-0.0034272130717735495,0.0,-0.001606556782043052,0.01679412954434636
"ERK..nuc.median.,S6..nuc.median.",0.0022753726040918142,0.0022753726040918142,0.0010666145384672482,0.01679412954434636
"ERK..nuc.median.,pp21..nuc.median.",0.0004705682322237433,0.0004705682322237433,0.00022058581391376546,0.01679412954434636
"ERK..nuc.median.,CDK2..nuc.median.",0.000524790483741509,0.000524790483741509,0.00024600329572455683,0.01679412954434636
"ERK..nuc.median.,CDK4..nuc.median.",-0.0016722604070941354,0.0,-0.0007838967820488846,0.01679412954434636
"ERK..nuc.median.,DNA..nuc.median.",-0.009372951830863509,0.0,-0.004393709704148668,0.01679412954434636
"ERK..nuc.median.,cFos..nuc.median.",0.015051274810932784,0.015051274810932784,0.007055507527398794,0.01679412954434636
"ERK..nuc.median.,Cell.area",0.016383227631807953,0.016383227631807953,0.007679880098617723,0.01679412954434636
"ERK..nuc.median.,Fra1..cell.median.",0.011035210946899144,0.011035210946899144,0.005172918233193515,0.01679412954434636
"ERK..nuc.median.,CDK6..nuc.median.",1.949098607547556e-05,1.949098607547556e-05,9.136687802155698e-06,0.01679412954434636
"ERK..nuc.median.,p16..nuc.median.",0.003497493017058313,0.003497493017058313,0.001639501545141899,0.01679412954434636
"ERK..nuc.median.,cycD1..cyto.median.",0.0073013129716570264,0.0073013129716570264,0.003422598369807325,0.01679412954434636
"ERK..nuc.median.,GSK3b..nuc.median.",-0.005712661852139914,0.0,-0.0026778946770661745,0.01679412954434636
"ERK..nuc.median.,p38..nuc.median.",0.003050220410740836,0.003050220410740836,0.0014298359001840377,0.01679412954434636
"ERK..nuc.median.,CDK2..cyto.median.",-0.0027826257888925103,0.0,-0.001304396966109769,0.01679412954434636
"ERK..nuc.median.,Skp2..cell.median.",-0.014065862268547587,0.0,-0.006593580833631844,0.01679412954434636
"ERK..nuc.median.,cycA..cell.median.",0.006802536982391178,0.006802536982391178,0.0031887897528658023,0.01679412954434636
"pp53..nuc.median.,S6..nuc.median.",0.0046436922561689555,0.0046436922561689555,0.0021767993794469206,0.013308949777370054
"pp53..nuc.median.,pp21..nuc.median.",-0.0038578807161142323,0.0,-0.0018084386056508213,0.013308949777370054
"pp53..nuc.median.,CDK2..nuc.median.",0.0026161802002154155,0.0026161802002154155,0.0012263731363302112,0.013308949777370054
"pp53..nuc.median.,CDK4..nuc.median.",-0.014515515461727822,0.0,-0.006804362413867004,0.013308949777370054
"pp53..nuc.median.,DNA..nuc.median.",0.003934764476268764,0.003934764476268764,0.001844479004575104,0.013308949777370054
"pp53..nuc.median.,cFos..nuc.median.",0.0024943326514706376,0.0024943326514706376,0.0011692552969336828,0.013308949777370054
"pp53..nuc.median.,Cell.area",-0.0019063870689348483,0.0,-0.0008936471152088389,0.013308949777370054
"pp53..nuc.median.,Fra1..cell.median.",0.00860547498124397,0.00860547498124397,0.00403394358748314,0.013308949777370054
"pp53..nuc.median.,CDK6..nuc.median.",0.0006853726415255493,0.0006853726415255493,0.000321278555610734,0.013308949777370054
"pp53..nuc.median.,p16..nuc.median.",0.01836717612797133,0.01836717612797133,0.008609885279207787,0.013308949777370054
"pp53..nuc.median.,cycD1..cyto.median.",0.004691198302629052,0.004691198302629052,0.0021990685408705564,0.013308949777370054
"pp53..nuc.median.,GSK3b..nuc.median.",0.001032321362279138,0.001032321362279138,0.00048391589641061416,0.013308949777370054
"pp53..nuc.median.,p38..nuc.median.",-0.0052124379688279696,0.0,-0.0024434073383904843,0.013308949777370054
"pp53..nuc.median.,CDK2..cyto.median.",-0.006161422844831245,0.0,-0.0028882580251353217,0.013308949777370054
"pp53..nuc.median.,Skp2..cell.median.",-0.0034260140752781555,0.0,-0.001605994734714514,0.013308949777370054
"pp53..nuc.median.,cycA..cell.median.",-0.00045250817455566486,0.0,-0.0002121198949518827,0.013308949777370054
"S6..nuc.median.,pp21..nuc.median.",-0.005216366009182916,0.0,-0.0024452486653638063,0.011931454133682223
"S6..nuc.median.,CDK2..nuc.median.",-0.004417507783011645,0.0,-0.0020707720646188795,0.011931454133682223
"S6..nuc.median.,CDK4..nuc.median.",0.0008412536726935391,0.0008412536726935391,0.0003943500929123825,0.011931454133682223
"S6..nuc.median.,DNA..nuc.median.",-0.009860181466132874,0.0,-0.004622105796997745,0.011931454133682223
"S6..nuc.median.,cFos..nuc.median.",0.001012303340190538,0.001012303340190538,0.00047453215268764644,0.011931454133682223
"S6..nuc.median.,Cell.area",0.010202327694436306,0.010202327694436306,0.004782491898480159,0.011931454133682223
"S6..nuc.median.,Fra1..cell.median.",-0.0013637035763852936,0.0,-0.0006392562071445433,0.011931454133682223
"S6..nuc.median.,CDK6..nuc.median.",-0.008156030695508801,0.0,-0.0038232599357005356,0.011931454133682223
"S6..nuc.median.,p16..nuc.median.",0.012861585584503872,0.012861585584503872,0.006029058338622353,0.011931454133682223
"S6..nuc.median.,cycD1..cyto.median.",0.009082139436935031,0.009082139436935031,0.004257387096250177,0.011931454133682223
"S6..nuc.median.,GSK3b..nuc.median.",-9.237957589796027e-06,0.0,-4.330429158416072e-06,0.011931454133682223
"S6..nuc.median.,p38..nuc.median.",-0.01786152481706653,0.0,-0.008372853753629868,0.011931454133682223
"S6..nuc.median.,CDK2..cyto.median.",-0.0010016885486810855,0.0,-0.0004695563122796093,0.011931454133682223
"S6..nuc.median.,Skp2..cell.median.",0.002021813864998974,0.002021813864998974,0.0009477551318867626,0.011931454133682223
"S6..nuc.median.,cycA..cell.median.",-0.0006083148967956505,0.0,-0.0002851565988452338,0.011931454133682223
"pp21..nuc.median.,CDK2..nuc.median.",-0.005837359876705422,0.0,-0.0027363487191340687,0.02515075216173698
"pp21..nuc.median.,CDK4..nuc.median.",-0.01543371039519792,0.0,-0.007234779859970109,0.02515075216173698
"pp21..nuc.median.,DNA..nuc.median.",0.02333268353908702,0.02333268353908702,0.010937540269005296,0.02515075216173698
"pp21..nuc.median.,cFos..nuc.median.",0.005649067174772572,0.005649067174772572,0.002648083732112737,0.02515075216173698
"pp21..nuc.median.,Cell.area",0.002987647650192294,0.002987647650192294,0.0014005039938434743,0.02515075216173698
"pp21..nuc.median.,Fra1..cell.median.",0.0032811614709302907,0.0032811614709302907,0.0015380929354863633,0.02515075216173698
"pp21..nuc.median.,CDK6..nuc.median.",-0.004816137979267991,0.0,-0.00225763586091952,0.02515075216173698
"pp21..nuc.median.,p16..nuc.median.",-0.006254763037168027,0.0,-0.0029320126198732147,0.02515075216173698
"pp21..nuc.median.,cycD1..cyto.median.",-0.008766374599034052,0.0,-0.004109367661439249,0.02515075216173698
"pp21..nuc.median.,GSK3b..nuc.median.",-0.001978398065320136,0.0,-0.0009274033340962143,0.02515075216173698
"pp21..nuc.median.,p38..nuc.median.",0.0006414977204442529,0.0006414977204442529,0.00030071153787690984,0.02515075216173698
"pp21..nuc.median.,CDK2..cyto.median.",-0.008881411165170732,0.0,-0.004163292752071035,0.02515075216173698
"pp21..nuc.median.,Skp2..cell.median.",-0.00019931022232354663,0.0,-9.34296125448367e-05,0.02515075216173698
"pp21..nuc.median.,cycA..cell.median.",-0.004367089436981494,0.0,-0.0020471377197276187,0.02515075216173698
"CDK2..nuc.median.,CDK4..nuc.median.",-0.004559925212422466,0.0,-0.0021375323396030928,0.017464460723610194
"CDK2..nuc.median.,DNA..nuc.median.",0.010611471652337513,0.010611471652337513,0.004974284175946576,0.017464460723610194
"CDK2..nuc.median.,cFos..nuc.median.",0.0031139289029523927,0.0031139289029523927,0.001459700197527899,0.017464460723610194
"CDK2..nuc.median.,Cell.area",-0.012120534306601987,0.0,-0.005681679599272817,0.017464460723610194
"CDK2..nuc.median.,Fra1..cell.median.",0.0006835420970310073,0.0006835420970310073,0.0003204204608232348,0.017464460723610194
"CDK2..nuc.median.,CDK6..nuc.median.",0.003540102834838848,0.003540102834838848,0.001659475527005102,0.017464460723610194
"CDK2..nuc.median.,p16..nuc.median.",-0.016602213908836816,0.0,-0.007782533152620291,0.017464460723610194
"CDK2..nuc.median.,cycD1..cyto.median.",0.00857460803138673,0.00857460803138673,0.004019474248520077,0.017464460723610194
"CDK2..nuc.median.,GSK3b..nuc.median.",-0.010439797813590997,0.0,-0.0048938095266727695,0.017464460723610194
"CDK2..nuc.median.,p38..nuc.median.",0.003970073837277837,0.003970073837277837,0.0018610307894249955,0.017464460723610194
"CDK2..nuc.median.,CDK2..cyto.median.",0.004035331900422195,0.004035331900422195,0.0018916214710464647,0.017464460723610194
"CDK2..nuc.median.,Skp2..cell.median.",0.007264225588538779,0.007264225588538779,0.0034052131108143627,0.017464460723610194
"CDK2..nuc.median.,cycA..cell.median.",0.004979388799509589,0.004979388799509589,0.002334162095775851,0.017464460723610194
"CDK4..nuc.median.,DNA..nuc.median.",0.0009167812730173599,0.0009167812730173599,0.0004297547718718028,0.050564885049897035
"CDK4..nuc.median.,cFos..nuc.median.",-0.005257441741203082,0.0,-0.002464503521852852,0.050564885049897035
"CDK4..nuc.median.,Cell.area",-0.0011841247203127163,0.0,-0.0005550759641619748,0.050564885049897035
"CDK4..nuc.median.,Fra1..cell.median.",0.005266434598941414,0.005266434598941414,0.002468719056833287,0.050564885049897035
"CDK4..nuc.median.,CDK6..nuc.median.",-0.0009377340842542939,0.0,-0.00043957671182435576,0.050564885049897035
"CDK4..nuc.median.,p16..nuc.median.",0.003047126664287542,0.003047126664287542,0.0014283856608080863,0.050564885049897035
"CDK4..nuc.median.,cycD1..cyto.median.",0.00854180111573205,0.00854180111573205,0.004004095521916521,0.050564885049897035
"CDK4..nuc.median.,GSK3b..nuc.median.",0.005103261583782802,0.005103261583782802,0.0023922292942595747,0.050564885049897035
"CDK4..nuc.median.,p38..nuc.median.",-0.003280658167061622,0.0,-0.001537857004359029,0.050564885049897035
"CDK4..nuc.median.,CDK2..cyto.median.",-0.008065217796687932,0.0,-0.0037806900471519496,0.050564885049897035
"CDK4..nuc.median.,Skp2..cell.median.",-0.004560081762095728,0.0,-0.0021376057245762587,0.050564885049897035
"CDK4..nuc.median.,cycA..cell.median.",-0.004793465655681712,0.0,-0.002247007874138599,0.050564885049897035
"DNA..nuc.median.,cFos..nuc.median.",0.0034519964578677903,0.0034519964578677903,0.0016181743605763557,0.019095499586460223
"DNA..nuc.median.,Cell.area",0.0010311820247856662,0.0010311820247856662,0.0004833818151209948,0.019095499586460223
"DNA..nuc.median.,Fra1..cell.median.",0.008792091003023613,0.008792091003023613,0.004121422605901108,0.019095499586460223
"DNA..nuc.median.,CDK6..nuc.median.",0.006577538629562287,0.006577538629562287,0.0030833184494727184,0.019095499586460223
"DNA..nuc.median.,p16..nuc.median.",-0.006815804991281132,0.0,-0.003195009328135843,0.019095499586460223
"DNA..nuc.median.,cycD1..cyto.median.",-0.007315412802304382,0.0,-0.0034292078738205802,0.019095499586460223
"DNA..nuc.median.,GSK3b..nuc.median.",0.004834968942492125,0.004834968942492125,0.0022664631532548873,0.019095499586460223
"DNA..nuc.median.,p38..nuc.median.",0.010651021772816252,0.010651021772816252,0.0049928238794768424,0.019095499586460223
"DNA..nuc.median.,CDK2..cyto.median.",-0.008321540855602019,0.0,-0.003900845269505646,0.019095499586460223
"DNA..nuc.median.,Skp2..cell.median.",0.006873541086970675,0.006873541086970675,0.003222073976337223,0.019095499586460223
"DNA..nuc.median.,cycA..cell.median.",-0.010242512076503745,0.0,-0.004801328921504597,0.019095499586460223
"cFos..nuc.median.,Cell.area",0.009810458705612375,0.009810458705612375,0.0045987975180949775,0.01171246824842359
"cFos..nuc.median.,Fra1..cell.median.",-0.0008416810931922747,0.0,-0.00039455045258849464,0.01171246824842359
"cFos..nuc.median.,CDK6..nuc.median.",-0.00684840098753333,0.0,-0.0032102891831520706,0.01171246824842359
"cFos..nuc.median.,p16..nuc.median.",-0.004373061006717077,0.0,-0.002049936981301741,0.01171246824842359
"cFos..nuc.median.,cycD1..cyto.median.",0.0037998939586699142,0.0037998939586699142,0.0017812564560470776,0.01171246824842359
"cFos..nuc.median.,GSK3b..nuc.median.",-0.00185019984439768,0.0,-0.0008673085232526491,0.01171246824842359
"cFos..nuc.median.,p38..nuc.median.",-0.0006614254436283716,0.0,-0.00031005295265377255,0.01171246824842359
"cFos..nuc.median.,CDK2..cyto.median.",0.005892233033228403,0.005892233033228403,0.0027620713222865144,0.01171246824842359
"cFos..nuc.median.,Skp2..cell.median.",-0.005965037687872048,0.0,-0.0027961995802128657,0.01171246824842359
"cFos..nuc.median.,cycA..cell.median.",-0.0027075985155017935,0.0,-0.0012692268227951376,0.01171246824842359
"Cell.area,Fra1..cell.median.",-0.009909566422333262,0.0,-0.00464525572513267,0.019042259667860058
"Cell.area,CDK6..nuc.median.",-0.008506480478205966,0.0,-0.003987538451032612,0.019042259667860058
"Cell.area,p16..nuc.median.",0.005221383806213572,0.005221383806213572,0.0024476008318856106,0.019042259667860058
"Cell.area,cycD1..cyto.median.",-0.011309552863814788,0.0,-0.005301520061556477,0.019042259667860058
"Cell.area,GSK3b..nuc.median.",0.014061958877066558,0.014061958877066558,0.006591751061182484,0.019042259667860058
"Cell.area,p38..nuc.median.",-0.0017424299750850598,0.0,-0.0008167898041598539,0.019042259667860058
"Cell.area,CDK2..cyto.median.",0.0015132996814104089,0.0015132996814104089,0.000709381592424704,0.019042259667860058
"Cell.area,Skp2..cell.median.",-0.013058779273640577,0.0,-0.006121495794953225,0.019042259667860058
"Cell.area,cycA..cell.median.",0.0036278058754317124,0.0036278058754317124,0.001700587623545207,0.019042259667860058
"Fra1..cell.median.,CDK6..nuc.median.",-0.0025834761186592347,0.0,-0.0012110426147302275,0.011014958428156864
"Fra1..cell.median.,p16..nuc.median.",0.002420364265591706,0.002420364265591706,0.0011345815227906942,0.011014958428156864
"Fra1..cell.median.,cycD1..cyto.median.",0.0065307270151667325,0.0065307270151667325,0.003061374813343132,0.011014958428156864
"Fra1..cell.median.,GSK3b..nuc.median.",0.00401458866504785,0.00401458866504785,0.0018818977728770586,0.011014958428156864
"Fra1..cell.median.,p38..nuc.median.",-0.000297156472197559,0.0,-0.00013929648835341504,0.011014958428156864
"Fra1..cell.median.,CDK2..cyto.median.",-0.013856789989853647,0.0,-0.006495575112878939,0.011014958428156864
"Fra1..cell.median.,Skp2..cell.median.",-0.009055214206716384,0.0,-0.004244765496626827,0.011014958428156864
"Fra1..cell.median.,cycA..cell.median.",-0.0003129474212483738,0.0,-0.00014669872911323876,0.011014958428156864
"CDK6..nuc.median.,p16..nuc.median.",0.005385623137721411,0.005385623137721411,0.0025245904460083155,0.01131834035677155
"CDK6..nuc.median.,cycD1..cyto.median.",0.00639479640593952,0.00639479640593952,0.0029976553311960204,0.01131834035677155
"CDK6..nuc.median.,GSK3b..nuc.median.",0.005782502754571084,0.005782502754571084,0.00271063363233829,0.01131834035677155
"CDK6..nuc.median.,p38..nuc.median.",0.015220860086691735,0.015220860086691735,0.0071350031319029495,0.01131834035677155
"CDK6..nuc.median.,CDK2..cyto.median.",-0.0008640385842430514,0.0,-0.00040503085696513434,0.01131834035677155
"CDK6..nuc.median.,Skp2..cell.median.",0.0050589313485430295,0.0050589313485430295,0.0023714488412843633,0.01131834035677155
"CDK6..nuc.median.,cycA..cell.median.",0.01957330705101589,0.01957330705101589,0.009175276976154816,0.01131834035677155
"p16..nuc.median.,cycD1..cyto.median.",0.008090723420257557,0.008090723420257557,0.003792646185176602,0.01543506780641123
"p16..nuc.median.,GSK3b..nuc.median.",0.0055090926462346475,0.0055090926462346475,0.0025824686030190827,0.01543506780641123
"p16..nuc.median.,p38..nuc.median.",-0.010670522809156225,0.0,-0.005001965278489026,0.01543506780641123
"p16..nuc.median.,CDK2..cyto.median.",-0.011936513616213083,0.0,-0.00559541718080359,0.01543506780641123
"p16..nuc.median.,Skp2..cell.median.",-0.0024600142751305325,0.0,-0.0011531680507942503,0.01543506780641123
"p16..nuc.median.,cycA..cell.median.",-0.010462327019691077,0.0,-0.0049043704250167405,0.01543506780641123
"cycD1..cyto.median.,GSK3b..nuc.median.",-0.004865991578033191,0.0,-0.0022810054721832977,0.01970075372215281
"cycD1..cyto.median.,p38..nuc.median.",0.0020829110848077552,0.0020829110848077552,0.0009763953566968815,0.01970075372215281
"cycD1..cyto.median.,CDK2..cyto.median.",0.008712928815127478,0.008712928815127478,0.004084314160297494,0.01970075372215281
"cycD1..cyto.median.,Skp2..cell.median.",-0.007611523479158917,0.0,-0.0035680141301499633,0.01970075372215281
"cycD1..cyto.median.,cycA..cell.median.",0.004341044533444074,0.004341044533444074,0.0020349287862474353,0.01970075372215281
"GSK3b..nuc.median.,p38..nuc.median.",0.0018434874251547608,0.0018434874251547608,0.0008641619775221125,0.023769243317290873
"GSK3b..nuc.median.,CDK2..cyto.median.",-0.0044688075271604195,0.0,-0.0020948195779054222,0.023769243317290873
"GSK3b..nuc.median.,Skp2..cell.median.",0.003640109534576117,0.003640109534576117,0.0017063551456188084,0.023769243317290873
"GSK3b..nuc.median.,cycA..cell.median.",-0.006929832317977237,0.0,-0.00324846132286317,0.023769243317290873
"p38..nuc.median.,CDK2..cyto.median.",-0.008540696215982208,0.0,-0.004003577583828222,0.020320234827949934
"p38..nuc.median.,Skp2..cell.median.",-0.006007255628433144,0.0,-0.002815989863837461,0.020320234827949934
"p38..nuc.median.,cycA..cell.median.",-0.009156773746252638,0.0,-0.004292373031847478,0.020320234827949934
"CDK2..cyto.median.,Skp2..cell.median.",0.005201602869392445,0.005201602869392445,0.0024383282253859213,0.0208334569597249
"CDK2..cyto.median.,cycA..cell.median.",0.010007224772388704,0.010007224772388704,0.00469103452012411,0.0208334569597249
"Skp2..cell.median.,cycA..cell.median.",0.0031383417222058518,0.0031383417222058518,0.0014711440673775605,0.012691018641461082
